leader,ccode,start_year,end_year,idacr,qid,source,wiki_title
Truman,2,1945,1953,USA,Q11613,direct,Harry S. Truman
Eisenhower,2,1953,1961,USA,Q9916,direct,Dwight D. Eisenhower
Kennedy,2,1961,1963,USA,Q9696,direct,John F. Kennedy
Johnson,2,1963,1969,USA,Q9640,direct,Lyndon B. Johnson
Nixon,2,1969,1974,USA,Q9588,direct,Richard Nixon
Ford,2,1974,1977,USA,Q9582,direct,Gerald Ford
Reagan,2,1981,1989,USA,Q9960,direct,Ronald Reagan
G.H.W. Bush,2,1989,1993,USA,Q23505,fuzzy,
Clinton,2,1993,2001,USA,Q1124,direct,Bill Clinton
G.W. Bush,2,2001,2009,USA,Q207,direct,George W. Bush
St. Laurent,20,1948,1957,CAN,Q128626,direct,Louis St. Laurent
Diefenbaker,20,1957,1963,CAN,Q128614,direct,John Diefenbaker
Pearson,20,1963,1968,CAN,Q128604,direct,Lester B. Pearson
Pierre Trudeau,20,1968,1979,CAN,Q8619,direct,Pierre Trudeau
Clark,20,1979,1980,CAN,Q128574,direct,Joe Clark
Pierre Trudeau,20,1980,1984,CAN,Q8619,direct,Pierre Trudeau
Turner,20,1984,1984,CAN,Q128568,direct,John Turner
Mulroney,20,1984,1993,CAN,Q128563,direct,Brian Mulroney
Kim Campbell,20,1993,1993,CAN,Q128553,fuzzy,
Justin Trudeau,20,2015,2015,CAN,Q3099714,fuzzy,
Ingraham,31,1992,2002,BHM,Q317664,direct,Hubert Ingraham
Batista,40,1952,1959,CUB,Q11270,direct,Fulgencio Batista
Magloire,41,1950,1956,HAI,Q707178,direct,Paul Magloire
Fignole,41,1957,1957,HAI,Q888818,fuzzy,
Kebreau,41,1957,1957,HAI,Q605467,redirect,Antonio Thrasybule Kebreau
Namphy,41,1986,1988,HAI,Q470500,direct,Henri Namphy
Manigat,41,1988,1988,HAI,Q470492,direct,Leslie Manigat
Namphy,41,1988,1988,HAI,Q470500,direct,Henri Namphy
Cedras,41,1991,1994,HAI,Q382423,fuzzy,
Boniface Alexandre,41,2004,2006,HAI,Q323218,fuzzy,
Martelly,41,2011,2014,HAI,Q57512,fuzzy,
Filiberto Bonnelly,42,1962,1963,DOM,Q887593,direct,Rafael Filiberto Bonnelly
Bosch,42,1963,1963,DOM,Q3187589,direct,Juan Bosch
Molina Urena,42,1965,1965,DOM,Q436484,fuzzy,
Majluta Azar,42,1982,1982,DOM,Q5972763,redirect,Jacobo Majluta Azar
Blanco,42,1982,1986,DOM,Q562002,direct,Salvador Jorge Blanco
Fernandez Reyna,42,1996,2000,DOM,Q151944,fuzzy,
Fernandez Reyna,42,2004,2012,DOM,Q151944,fuzzy,
Sangster,51,1967,1967,JAM,Q1240351,direct,Donald Sangster
Shearer,51,1967,1972,JAM,Q982324,direct,Hugh Shearer
Manley,51,1972,1980,JAM,Q365395,direct,Michael Manley
Manley,51,1989,1992,JAM,Q365395,direct,Michael Manley
Williams,52,1962,1981,TRI,Q1338879,direct,Eric Williams
Robinson,52,1986,1991,TRI,Q634551,direct,A. N. R. Robinson
Manning,52,1991,1995,TRI,Q365206,direct,Patrick Manning
Barrow,53,1966,1976,BAR,Q1361644,direct,Errol Barrow
St. John,53,1985,1986,BAR,Q1371769,direct,Harold Bernard St. John
Barrow,53,1986,1987,BAR,Q1361644,direct,Errol Barrow
Sandiford,53,1987,1994,BAR,Q114622,direct,Lloyd Erskine Sandiford
Ruiz Cortines,70,1952,1958,MEX,Q327920,direct,Adolfo Ruiz Cortines
de La Madrid,70,1982,1988,MEX,Q296691,direct,Miguel de la Madrid
Salinas,70,1988,1994,MEX,Q315633,direct,Carlos Salinas de Gortari
Zedillo,70,1994,2000,MEX,Q298149,direct,Ernesto Zedillo
Vicente Fox Quesada,70,2000,2006,MEX,Q190572,fuzzy,
Enrique Pena Nieto,70,2012,2015,MEX,Q296741,fuzzy,
Price,80,1961,1984,BLZ,Q542559,direct,George Cadle Price
Esquivel,80,1984,1989,BLZ,Q951969,direct,Manuel Esquivel
Price,80,1989,1993,BLZ,Q542559,direct,George Cadle Price
Esquivel,80,1993,1998,BLZ,Q951969,direct,Manuel Esquivel
Musa,80,1998,2008,BLZ,Q335215,direct,Said Musa
Arbenz Guzman,90,1951,1954,GUA,Q216943,fuzzy,
Castillo Armas,90,1954,1957,GUA,Q468224,fuzzy,
Gonzalez Lopez,90,1957,1957,GUA,Q881015,fuzzy,
Mendoza Azurdia,90,1957,1957,GUA,Q293391,fuzzy,
Peralta Azurdia,90,1963,1966,GUA,Q879116,fuzzy,
Mendez Montenegro,90,1966,1970,GUA,Q879311,fuzzy,
Arana Osorio,90,1970,1974,GUA,Q887685,fuzzy,
Laugerud Garcia,90,1974,1978,GUA,Q887011,fuzzy,
Mejia Victores,90,1983,1986,GUA,Q293385,fuzzy,
Cerezo,90,1986,1991,GUA,Q887617,direct,Vinicio Cerezo
Berger Perdomo,90,2004,2008,GUA,Q293194,fuzzy,
Perez Molina,90,2012,2015,GUA,Q57539,fuzzy,
Hector Caraccioli,91,1956,1957,HON,Q1490067,fuzzy,
Castro,91,1975,1978,HON,Q880056,direct,Juan Alberto Melgar Castro
Paz Garcia,91,1978,1982,HON,Q880335,fuzzy,
Reina,91,1994,1998,HON,Q879219,direct,Carlos Roberto Reina
Ricardo Maduro,91,2002,2006,HON,Q441393,direct,Ricardo Maduro
Micheletti,91,2009,2010,HON,Q299442,fuzzy,
Castaneda Castro,92,1945,1948,SAL,Q887328,fuzzy,
Rodolfo Cordon,92,1962,1962,SAL,Q887586,fuzzy,
Sanchez Hernandez,92,1967,1972,SAL,Q887693,fuzzy,
Calderon Sol,92,1994,1999,SAL,Q381018,fuzzy,
Sanchez Ceren,92,2014,2015,SAL,Q936831,fuzzy,
Anastasio Somoza Garcia,93,1947,1956,NIC,Q312622,fuzzy,
Luis Somoza Debayle,93,1956,1963,NIC,Q529610,fuzzy,
Guerrero Gutierrez,93,1966,1967,NIC,Q888703,fuzzy,
Anastasio Somoza Debayle,93,1967,1979,NIC,Q218443,direct,Anastasio Somoza Debayle
Daniel Ortega,93,1979,1990,NIC,Q57402,direct,Daniel Ortega
Violeta Chamorro,93,1990,1997,NIC,Q114142,direct,Violeta Chamorro
Leon Herrera,94,1948,1948,COS,Q5974590,fuzzy,
Echandi Jimenez,94,1958,1962,COS,Q365359,fuzzy,
Orlich,94,1962,1966,COS,Q887589,direct,Francisco Orlich Bolmarcich
Carazo Odio,94,1978,1982,COS,Q318298,direct,Rodrigo Carazo Odio
Calderon Fournier,94,1990,1994,COS,Q887712,fuzzy,
Figueres Olsen,94,1994,1998,COS,Q82593,fuzzy,
Laura Chinchilla Miranda,94,2010,2014,COS,Q57321,fuzzy,
Guizado,95,1955,1955,PAN,Q880729,fuzzy,
Balladares,95,1994,1999,PAN,Q887699,fuzzy,
Mireya Moscoso,95,1999,2004,PAN,Q231946,direct,Mireya Moscoso
Martin Torrijos,95,2004,2009,PAN,Q276283,fuzzy,
Lleras Camargo,100,1945,1946,COL,Q12002,direct,Alberto Lleras Camargo
Rojas Pinillia,100,1953,1957,COL,Q455692,direct,Gustavo Rojas Pinilla
Lleras Camargo,100,1958,1962,COL,Q12002,direct,Alberto Lleras Camargo
Lleras Restropo,100,1966,1970,COL,Q540230,direct,Carlos Lleras Restrepo
Pastrana Borrero,100,1970,1974,COL,Q728833,direct,Misael Pastrana Borrero
Vargas,100,1986,1990,COL,Q540192,direct,Virgilio Barco Vargas
César Gaviria Trujillo,100,1990,1994,COL,Q332020,fuzzy,
Alvaro Uribe Velez,100,2002,2010,COL,Q187413,fuzzy,
Delgado Chalbaud,101,1948,1950,VEN,Q888147,direct,Carlos Delgado Chalbaud
Sanabria,101,1958,1959,VEN,Q718250,direct,Edgar Sanabria
Campins,101,1979,1984,VEN,Q455661,direct,Luis Herrera Campins
Lusinchi,101,1984,1989,VEN,Q727036,fuzzy,
Maduro,101,2012,2015,VEN,Q58132,fuzzy,
Burnham,110,1966,1985,GUY,Q718256,direct,Forbes Burnham
Hoyte,110,1985,1992,GUY,Q887418,direct,Desmond Hoyte
Jagan Cheddi,110,1992,1997,GUY,Q724156,direct,Cheddi Jagan
Samuel Hinds,110,1997,1997,GUY,Q57697,direct,Sam Hinds
Janet Jagan,110,1997,1999,GUY,Q239709,direct,Janet Jagan
Bharrat Jagdeo,110,1999,2011,GUY,Q212760,direct,Bharrat Jagdeo
Ramotar,110,2011,2015,GUY,Q57422,fuzzy,
Ferrier,115,1975,1980,SUR,Q333129,direct,Johan Ferrier
Mancheno,130,1947,1947,ECU,Q434552,fuzzy,
Plaza Lasso,130,1948,1952,ECU,Q887063,fuzzy,
Arosemena Monroy,130,1961,1963,ECU,Q718247,fuzzy,
Arosemena Gomez,130,1966,1968,ECU,Q434746,direct,Otto Arosemena
Rodriguez Lara,130,1972,1976,ECU,Q728490,fuzzy,
Hurtado Larrea,130,1981,1984,ECU,Q878508,fuzzy,
Borja Cevallos,130,1988,1992,ECU,Q743354,direct,Rodrigo Borja Cevallos
Rosalia Arteaga Serrano,130,1997,1997,ECU,Q291543,fuzzy,
Mahuad,130,1998,2000,ECU,Q471248,direct,Jamil Mahuad
Gustavo Noboa,130,2000,2003,ECU,Q471291,fuzzy,
Lucio Gutierrez,130,2003,2005,ECU,Q336234,fuzzy,
Rafael Correa,130,2007,2015,ECU,Q19581,fuzzy,
Ugarteche,135,1956,1962,PER,Q116718,direct,Manuel Prado Ugarteche
Velasco Alvarado,135,1968,1975,PER,Q311431,direct,Juan Velasco Alvarado
Alejandro Toledo,135,2001,2006,PER,Q207426,fuzzy,
Ollanta Humala,135,2011,2015,PER,Q57254,fuzzy,
Dutra,140,1946,1951,BRA,Q296679,direct,Eurico Gaspar Dutra
Coimbra da Luz,140,1955,1955,BRA,Q269572,redirect,Carlos Coimbra da Luz
Kubitschek,140,1956,1961,BRA,Q155824,redirect,Juscelino Kubitschek de Oliveira
Ranieri Mazzilli,140,1961,1961,BRA,Q192361,direct,Pascoal Ranieri Mazzilli
Ranieri Mazzilli,140,1964,1964,BRA,Q192361,direct,Pascoal Ranieri Mazzilli
Castello Branco,140,1964,1967,BRA,Q294430,fuzzy,
Geisel,140,1974,1979,BRA,Q294241,direct,Ernesto Geisel
Mello,140,1990,1992,BRA,Q236503,direct,Fernando Collor de Mello
"Franco, Itamar",140,1992,1994,BRA,Q485946,direct,Itamar Franco
Cardoso,140,1995,2003,BRA,Q230578,direct,Fernando Henrique Cardoso
Rousseff,140,2011,2015,BRA,Q40722,fuzzy,
Urriolagoitia,145,1949,1951,BOL,Q3306306,fuzzy,
Siles Salinas,145,1969,1969,BOL,Q886540,direct,Luis Adolfo Siles Salinas
Banzer Suarez,145,1971,1978,BOL,Q269039,fuzzy,
Pereda Asbun,145,1978,1978,BOL,Q2566177,fuzzy,
Natusch Busch,145,1979,1979,BOL,Q886490,fuzzy,
Lidia Gueiler Tejada,145,1979,1980,BOL,Q466098,fuzzy,
Paz Zamora,145,1989,1993,BOL,Q555207,direct,Jaime Paz Zamora
Gonzalo Sanchez de Lozada,145,1993,1997,BOL,Q379645,fuzzy,
Banzer Suarez,145,1997,2001,BOL,Q269039,fuzzy,
Jorge Quiroga Ramirez,145,2001,2002,BOL,Q468805,fuzzy,
Gonzalo Sanchez de Lozada,145,2002,2003,BOL,Q379645,fuzzy,
Carlos Mesa,145,2003,2005,BOL,Q312668,direct,Carlos Mesa
Frutos,150,1948,1948,PAR,Q628530,direct,Juan Manuel Frutos
Molas Lopez,150,1949,1949,PAR,Q888255,fuzzy,
Stroessner,150,1954,1989,PAR,Q152534,direct,Alfredo Stroessner
Rodriguez Pedotti,150,1989,1993,PAR,Q440837,fuzzy,
Gonzalez Macchi,150,1999,2003,PAR,Q438594,fuzzy,
Nicanor Duarte Frutos,150,2003,2008,PAR,Q222652,fuzzy,
Fernando Lugo,150,2008,2012,PAR,Q151879,fuzzy,
Federico Franco,150,2012,2013,PAR,Q57496,fuzzy,
Horacio Cartes,150,2013,2015,PAR,Q5901842,fuzzy,
Alessandri Rodriguez,155,1958,1964,CHL,Q576,direct,Jorge Alessandri
Frei Montalva,155,1964,1970,CHL,Q475,direct,Eduardo Frei Montalva
Allende,155,1970,1973,CHL,Q440,direct,Salvador Allende
Pinochet,155,1973,1990,CHL,Q368,direct,Augusto Pinochet
Aylwin,155,1990,1994,CHL,Q335,direct,Patricio Aylwin
Ricardo Lagos Escobar,155,2000,2006,CHL,Q331,fuzzy,
Michelle Bachelet,155,2006,2010,CHL,Q320,fuzzy,
Sebastian Piñera,155,2010,2014,CHL,Q306,fuzzy,
Michelle Bachelet,155,2014,2015,CHL,Q320,fuzzy,
Lonardi,160,1955,1955,ARG,Q365431,direct,Eduardo Lonardi
Aramburu,160,1955,1958,ARG,Q188974,direct,Pedro Eugenio Aramburu
Frondizi,160,1958,1962,ARG,Q346658,direct,Arturo Frondizi
Arturo Illia,160,1963,1966,ARG,Q270368,direct,Arturo Umberto Illia
Levingston,160,1970,1971,ARG,Q380980,fuzzy,
Lastiri,160,1973,1973,ARG,Q349261,fuzzy,
Viola,160,1981,1981,ARG,Q313996,direct,Roberto Eduardo Viola
Galtieri,160,1981,1982,ARG,Q124993,direct,Leopoldo Galtieri
Bignone,160,1982,1983,ARG,Q298430,direct,Reynaldo Bignone
Menem,160,1989,1999,ARG,Q185107,direct,Carlos Menem
Ramon Puerta,160,2001,2001,ARG,Q357257,fuzzy,
Adolfo Rodriguez Saa,160,2001,2002,ARG,Q312358,fuzzy,
Eduardo Duhalde,160,2002,2003,ARG,Q294578,direct,Eduardo Duhalde
Nestor Kirchner,160,2003,2007,ARG,Q170899,fuzzy,
Fernandez de Kirchner,160,2007,2015,ARG,Q40649,fuzzy,
Mauricio Macri,160,2015,2015,ARG,Q561837,fuzzy,
Berreta,165,1947,1947,URU,Q879007,fuzzy,
Batlle Berres,165,1947,1951,URU,Q728925,fuzzy,
Batlle Berres,165,1955,1956,URU,Q728925,fuzzy,
Nardone,165,1960,1961,URU,Q2518653,fuzzy,
Pacheco Areco,165,1967,1972,URU,Q367083,direct,Jorge Pacheco Areco
Jorge Batlle,165,2000,2005,URU,Q15147,fuzzy,
Tabare Vazquez,165,2005,2010,URU,Q9099,fuzzy,
Jose Mujica,165,2010,2015,URU,Q9094,fuzzy,
Tabare Vasquez,165,2015,2015,URU,Q9099,fuzzy,
Atlee,200,1945,1951,UKG,Q129006,direct,Clement Attlee
Churchill,200,1951,1955,UKG,Q8016,direct,Winston Churchill
Eden,200,1955,1957,UKG,Q128995,direct,Anthony Eden
MacMillan,200,1957,1963,UKG,Q128985,direct,Harold Macmillan
Wilson,200,1964,1970,UKG,Q128956,direct,Harold Wilson
Heath,200,1970,1974,UKG,Q128967,direct,Edward Heath
Wilson,200,1974,1976,UKG,Q128956,direct,Harold Wilson
Callaghan,200,1976,1979,UKG,Q9576,direct,James Callaghan
Thatcher,200,1979,1990,UKG,Q7416,direct,Margaret Thatcher
Major,200,1990,1997,UKG,Q9559,direct,John Major
Blair,200,1997,2007,UKG,Q9545,direct,Tony Blair
Costello,205,1948,1951,IRE,Q381690,direct,John A. Costello
Costello,205,1954,1957,IRE,Q381690,direct,John A. Costello
Lynch,205,1966,1973,IRE,Q381681,direct,Jack Lynch
Lynch,205,1977,1979,IRE,Q381681,direct,Jack Lynch
Haughey,205,1979,1981,IRE,Q333735,direct,Charles Haughey
Fitzgerald,205,1981,1982,IRE,Q1425313,direct,Garret FitzGerald
Haughey,205,1982,1982,IRE,Q333735,direct,Charles Haughey
Fitzgerald,205,1982,1987,IRE,Q1425313,direct,Garret FitzGerald
Haughey,205,1987,1992,IRE,Q333735,direct,Charles Haughey
Beel,210,1946,1948,NTH,Q735519,direct,Louis Beel
Drees,210,1948,1958,NTH,Q12769,direct,Willem Drees
Beel,210,1958,1959,NTH,Q735519,direct,Louis Beel
de Quay,210,1959,1963,NTH,Q781813,direct,Jan de Quay
Marijnen,210,1963,1965,NTH,Q719701,direct,Victor Marijnen
Cals,210,1965,1966,NTH,Q736026,direct,Jo Cals
Zijlstra,210,1966,1967,NTH,Q380970,direct,Jelle Zijlstra
De Jong,210,1967,1971,NTH,Q345481,direct,Piet de Jong
Biesheuvel,210,1971,1973,NTH,Q471204,direct,Barend Biesheuvel
den Uyl,210,1973,1977,NTH,Q318320,direct,Joop den Uyl
van Agt,210,1977,1982,NTH,Q318334,direct,Dries van Agt
Lubbers,210,1982,1994,NTH,Q159840,direct,Ruud Lubbers
Kok,210,1994,2002,NTH,Q221411,direct,Wim Kok
Jan Peter Balkenende,210,2002,2010,NTH,Q133386,direct,Jan Peter Balkenende
M. Rutte,210,2010,2015,NTH,Q57792,fuzzy,
Martens,211,1979,1981,BEL,Q313809,direct,Wilfried Martens
"Eyskens, M.",211,1981,1981,BEL,Q349477,direct,Mark Eyskens
Martens,211,1981,1992,BEL,Q313809,direct,Wilfried Martens
Charles Michel,211,2014,2015,BEL,Q950958,fuzzy,
Dupong,212,1945,1953,LUX,Q945927,direct,Pierre Dupong
Bech,212,1953,1958,LUX,Q315685,direct,Joseph Bech
Frieden,212,1958,1959,LUX,Q706106,direct,Pierre Frieden
Werner,212,1959,1974,LUX,Q315661,direct,Pierre Werner
Thorn G.,212,1974,1979,LUX,Q295128,direct,Gaston Thorn
Werner,212,1979,1984,LUX,Q315661,direct,Pierre Werner
Santer,212,1984,1995,LUX,Q39659,direct,Jacques Santer
Xavier Bettel,212,2013,2015,LUX,Q561213,fuzzy,
Bidault,220,1946,1946,FRN,Q312026,direct,Georges Bidault
Ramadier,220,1947,1947,FRN,Q328235,direct,Paul Ramadier
Schuman,220,1947,1948,FRN,Q15981,direct,Robert Schuman
Schuman,220,1948,1948,FRN,Q15981,direct,Robert Schuman
Queuille,220,1948,1949,FRN,Q455655,direct,Henri Queuille
Bidault,220,1949,1950,FRN,Q312026,direct,Georges Bidault
Queuille,220,1950,1950,FRN,Q455655,direct,Henri Queuille
Queuille,220,1951,1951,FRN,Q455655,direct,Henri Queuille
Faure,220,1952,1952,FRN,Q327013,direct,Edgar Faure
Pinay,220,1952,1952,FRN,Q356724,direct,Antoine Pinay
Laniel,220,1953,1954,FRN,Q328240,direct,Joseph Laniel
Faure,220,1955,1956,FRN,Q327013,direct,Edgar Faure
Mollet,220,1956,1957,FRN,Q314006,direct,Guy Mollet
Pflimin,220,1958,1958,FRN,Q328504,direct,Pierre Pflimlin
De Gaulle,220,1958,1969,FRN,Q2042,direct,Charles de Gaulle
Poher,220,1969,1969,FRN,Q12950,direct,Alain Poher
Pompidou,220,1969,1974,FRN,Q2185,direct,Georges Pompidou
Poher,220,1974,1974,FRN,Q12950,direct,Alain Poher
Chirac,220,1995,2007,FRN,Q2105,direct,Jacques Chirac
Hollande,220,2012,2015,FRN,Q157,fuzzy,
Doris Leuthard,225,2010,2010,SWZ,Q115442,fuzzy,
Simonetta Sommaruga,225,2015,2015,SWZ,Q122991,fuzzy,
Juan Carlos,230,1975,1975,SPN,Q19943,fuzzy,
Arias Navarro,230,1975,1976,SPN,Q365172,fuzzy,
Caetano,235,1968,1974,POR,Q310870,direct,Marcelo Caetano
Cavaco Silva,235,2006,2015,POR,Q5054729,fuzzy,
Adenauer,260,1949,1963,GFR,Q2492,direct,Konrad Adenauer
Erhard,260,1963,1966,GFR,Q2496,direct,Ludwig Erhard
Kiesinger,260,1966,1969,GFR,Q2512,direct,Kurt Georg Kiesinger
Brandt,260,1969,1974,GFR,Q2514,direct,Willy Brandt
Schmidt,260,1974,1982,GFR,Q2516,direct,Helmut Schmidt
Kohl,260,1982,1998,GFR,Q2518,direct,Helmut Kohl
Wilhelm Pieck,265,1946,1950,GDR,Q65917,direct,Wilhelm Pieck
Ulbricht,265,1950,1971,GDR,Q2628,direct,Walter Ulbricht
Honecker,265,1971,1989,GDR,Q2607,direct,Erich Honecker
Krenz,265,1989,1989,GDR,Q2602,direct,Egon Krenz
Ochab,290,1956,1956,POL,Q545740,direct,Edward Ochab
Gierek,290,1970,1980,POL,Q312185,direct,Edward Gierek
Jaruzelski,290,1981,1990,POL,Q55834,direct,Wojciech Jaruzelski
Renner,305,1945,1945,AUS,Q11726,direct,Karl Renner
Gorbach,305,1961,1964,AUS,Q29008,direct,Alfons Gorbach
Klaus,305,1964,1970,AUS,Q241131,direct,Josef Klaus
Kreisky,305,1970,1983,AUS,Q44517,direct,Bruno Kreisky
Sinowatz,305,1983,1986,AUS,Q84190,fuzzy,
Vranitzky,305,1986,1997,AUS,Q158123,direct,Franz Vranitzky
Klima,305,1997,2000,AUS,Q78538,direct,Viktor Klima
Nagy,310,1956,1956,HUN,Q177917,direct,Imre Nagy
Horn,310,1994,1998,HUN,Q155684,direct,Gyula Horn
Orban,310,1998,2002,HUN,Q57641,fuzzy,
Orban,310,2010,2015,HUN,Q57641,fuzzy,
Gottwald,315,1948,1953,CZE,Q296054,direct,Klement Gottwald
Klaus,316,1993,1997,CZR,Q241131,direct,Josef Klaus
Spidla,316,2002,2004,CZR,Q32777,fuzzy,
Stanislav Gross,316,2004,2005,CZR,Q348896,direct,Stanislav Gross
Parri,325,1945,1945,ITA,Q471315,direct,Ferruccio Parri
de Gasperi,325,1945,1953,ITA,Q153832,direct,Alcide De Gasperi
Pella,325,1953,1954,ITA,Q320963,direct,Giuseppe Pella
Fanfani,325,1954,1954,ITA,Q273228,direct,Amintore Fanfani
Scelba,325,1954,1955,ITA,Q367342,direct,Mario Scelba
Segni,325,1955,1957,ITA,Q1240,direct,Antonio Segni
Zoli,325,1957,1958,ITA,Q366104,direct,Adone Zoli
Fanfani,325,1958,1959,ITA,Q273228,direct,Amintore Fanfani
Segni,325,1959,1960,ITA,Q1240,direct,Antonio Segni
Tambroni,325,1960,1960,ITA,Q314004,direct,Fernando Tambroni
Fanfani,325,1960,1963,ITA,Q273228,direct,Amintore Fanfani
Leone,325,1963,1963,ITA,Q1235,direct,Giovanni Leone
Moro,325,1963,1968,ITA,Q171834,direct,Aldo Moro
Leone,325,1968,1968,ITA,Q1235,direct,Giovanni Leone
Rumor,325,1968,1970,ITA,Q316288,direct,Mariano Rumor
Colombo,325,1970,1972,ITA,Q312058,direct,Emilio Colombo
Andreotti,325,1972,1973,ITA,Q50005,direct,Giulio Andreotti
Rumor,325,1973,1974,ITA,Q316288,direct,Mariano Rumor
Moro,325,1974,1976,ITA,Q171834,direct,Aldo Moro
Andreotti,325,1976,1979,ITA,Q50005,direct,Giulio Andreotti
Cossiga,325,1979,1980,ITA,Q1230,direct,Francesco Cossiga
Forlani,325,1980,1981,ITA,Q434786,direct,Arnaldo Forlani
Spadolini,325,1981,1982,ITA,Q332709,direct,Giovanni Spadolini
Fanfani,325,1982,1983,ITA,Q273228,direct,Amintore Fanfani
Craxi,325,1983,1987,ITA,Q192818,direct,Bettino Craxi
Fanfani,325,1987,1987,ITA,Q273228,direct,Amintore Fanfani
Goria,325,1987,1988,ITA,Q336259,direct,Giovanni Goria
Mita,325,1988,1989,ITA,Q316226,redirect,Ciriaco de Mita
Andreotti,325,1989,1992,ITA,Q50005,direct,Giulio Andreotti
Amato,325,1992,1993,ITA,Q202209,direct,Giuliano Amato
Ciampi,325,1993,1994,ITA,Q1224,direct,Carlo Azeglio Ciampi
Berlusconi,325,1994,1995,ITA,Q11860,direct,Silvio Berlusconi
Dini,325,1995,1996,ITA,Q208100,direct,Lamberto Dini
Prodi,325,1996,1998,ITA,Q38484,direct,Romano Prodi
Amato,325,2000,2001,ITA,Q202209,direct,Giuliano Amato
Berlusconi,325,2001,2006,ITA,Q11860,direct,Silvio Berlusconi
Olivier,338,1962,1971,MLT,Q983140,redirect,Giorgio Borg Olivier
Mintoff,338,1971,1984,MLT,Q167307,direct,Dom Mintoff
Adami,338,1987,1996,MLT,Q152511,direct,Eddie Fenech Adami
Adami,338,1998,2004,MLT,Q152511,direct,Eddie Fenech Adami
Alia,339,1985,1992,ALB,Q156833,direct,Ramiz Alia
Berisha,339,1992,1997,ALB,Q57625,direct,Sali Berisha
Fatos Nano,339,1997,1998,ALB,Q311596,direct,Fatos Nano
Majko,339,1998,1999,ALB,Q381214,direct,Pandeli Majko
Majko,339,2002,2002,ALB,Q381214,direct,Pandeli Majko
Fatos Nano,339,2002,2005,ALB,Q311596,direct,Fatos Nano
Nikola Kljusev,343,1991,1992,MAC,Q1990673,fuzzy,
Radmila Sekerinska,343,2004,2004,MAC,Q162983,fuzzy,
Radmila Sekerinska,343,2004,2004,MAC,Q162983,fuzzy,
Gruevski,343,2006,2014,MAC,Q57766,fuzzy,
Kolinda Grabar-Kitarovic,344,2015,2015,CRO,Q3176299,fuzzy,
Tito,345,1945,1980,YUG,Q9161,direct,Josip Broz Tito
Kolisevski,345,1980,1980,YUG,Q470687,fuzzy,
Svetozar Marovic,345,2003,2006,YUG,Q431413,fuzzy,
Jelavic,346,1999,2000,BOS,Q355737,fuzzy,
Borislav Paravac,346,2003,2003,BOS,Q470649,fuzzy,
Dragan Covic,346,2003,2004,BOS,Q559756,fuzzy,
Sulejman Tihic,346,2004,2004,BOS,Q361173,fuzzy,
Borislav Paravac,346,2004,2005,BOS,Q470649,fuzzy,
Sulejman Tihic,346,2006,2006,BOS,Q361173,fuzzy,
Zeljko Komsic,346,2007,2008,BOS,Q297825,fuzzy,
Silajdzic,346,2008,2008,BOS,Q57381,fuzzy,
Zeljko Komsic,346,2009,2010,BOS,Q297825,fuzzy,
Silajdzic,346,2010,2010,BOS,Q57381,fuzzy,
Zeljko Komsic,346,2011,2014,BOS,Q297825,fuzzy,
Bakir Izetbegovic,346,2014,2014,BOS,Q312355,fuzzy,
Dragan Covic,346,2015,2015,BOS,Q559756,fuzzy,
Bajuk,349,2000,2000,SLV,Q434177,direct,Andrej Bajuk
Anton Rop,349,2002,2004,SLV,Q464922,direct,Anton Rop
Borut Pahor,349,2008,2012,SLV,Q206471,fuzzy,
Janez Jansa,349,2012,2013,SLV,Q57627,fuzzy,
Bratusek,349,2013,2014,SLV,Q3739767,fuzzy,
Plastiras,350,1945,1945,GRC,Q449445,direct,Nikolaos Plastiras
Voulgaris,350,1945,1945,GRC,Q1258656,direct,Petros Voulgaris
Damaskinos,350,1945,1945,GRC,Q31280,fuzzy,
Poulitsas,350,1946,1946,GRC,Q1392087,fuzzy,
Diomidis,350,1949,1950,GRC,Q589978,direct,Alexandros Diomidis
Theotokis,350,1950,1950,GRC,Q708300,fuzzy,
Plastiras,350,1950,1950,GRC,Q449445,direct,Nikolaos Plastiras
Plastiras,350,1951,1952,GRC,Q449445,direct,Nikolaos Plastiras
Kiousopoulos,350,1952,1952,GRC,Q707209,direct,Dimitrios Kiousopoulos
Papagos,350,1952,1955,GRC,Q312046,redirect,Alexander Papagos
Karamanlis,350,1955,1958,GRC,Q156806,fuzzy,
Georgakopoulos,350,1958,1958,GRC,Q728887,fuzzy,
Karamanlis,350,1958,1961,GRC,Q156806,fuzzy,
Karamanlis,350,1961,1963,GRC,Q156806,fuzzy,
Pipinelis,350,1963,1963,GRC,Q1371543,fuzzy,
Mavromichalis,350,1963,1963,GRC,Q181606,direct,Stylianos Mavromichalis
Tsirimokos,350,1965,1965,GRC,Q1371474,fuzzy,
Papadopoulos,350,1967,1973,GRC,Q156505,direct,Georgios Papadopoulos
Karamanlis,350,1974,1980,GRC,Q156806,fuzzy,
Georgios Rallis,350,1980,1981,GRC,Q252657,redirect,George Rallis
A. Papandreou,350,1981,1989,GRC,Q219256,direct,Andreas Papandreou
Tzannetakis,350,1989,1989,GRC,Q316235,fuzzy,
Zolotas,350,1989,1990,GRC,Q318009,direct,Xenophon Zolotas
Mitsotakis,350,1990,1993,GRC,Q552751,fuzzy,
A. Papandreou,350,1993,1995,GRC,Q219256,direct,Andreas Papandreou
Konstantinos Karamanlis,350,2004,2009,GRC,Q156806,fuzzy,
Georgios Papandreou,350,2009,2011,GRC,Q311207,fuzzy,
Panagiotis Pikrammenos,350,2012,2012,GRC,Q318492,fuzzy,
Alexis Tsipras,350,2015,2015,GRC,Q312015,fuzzy,
Makarios,352,1960,1974,CYP,Q153509,direct,Makarios III
Makarios,352,1974,1977,CYP,Q153509,direct,Makarios III
Kyprianou,352,1977,1988,CYP,Q552389,direct,Spyros Kyprianou
Tassos Nikolaou Papadopoulos,352,2003,2008,CYP,Q200776,fuzzy,
Dimitris Christofias,352,2008,2013,CYP,Q57334,fuzzy,
Georgi Dimitrov,355,1946,1949,BUL,Q155074,fuzzy,
Zhivkov,355,1956,1989,BUL,Q28517,direct,Todor Zhivkov
Mladenov,355,1989,1990,BUL,Q81144,direct,Petar Mladenov
Filip Dimitrov,355,1991,1992,BUL,Q473526,fuzzy,
Indzhova,355,1994,1995,BUL,Q271473,direct,Reneta Indzhova
Stanishev,355,2005,2009,BUL,Q202117,fuzzy,
Boyko Borisov,355,2009,2013,BUL,Q57775,fuzzy,
Boyko Borisov,355,2014,2015,BUL,Q57775,fuzzy,
Lucinschi,359,1997,2001,MLD,Q355874,direct,Petru Lucinschi
Pirlog,359,2009,2009,MLD,Q1371619,fuzzy,
Vlad Filat,359,2009,2013,MLD,Q57685,fuzzy,
Iurie Leanca,359,2013,2015,MLD,Q58087,fuzzy,
Chiril Gaburici,359,2015,2015,MLD,Q19281444,fuzzy,
Natalia Gherman,359,2015,2015,MLD,Q6968023,fuzzy,
Valeriu Strelet,359,2015,2015,MLD,Q7911417,fuzzy,
Stolojan,360,1991,1992,RUM,Q126660,fuzzy,
Ciorbea,360,1996,1998,RUM,Q370856,fuzzy,
Vasile,360,1998,1999,RUM,Q352004,fuzzy,
Eugen Bejinariu,360,2004,2004,RUM,Q1957518,fuzzy,
Crin Antonescu,360,2012,2012,RUM,Q440970,fuzzy,
Chernenko,365,1984,1985,RUS,Q127442,direct,Konstantin Chernenko
Gorbachev,365,1985,1991,RUS,Q30487,direct,Mikhail Gorbachev
Yeltsin,365,1991,1999,RUS,Q34453,direct,Boris Yeltsin
Putin,365,2000,2015,RUS,Q7747,direct,Vladimir Putin
Laar,366,1992,1994,EST,Q307473,direct,Mart Laar
Laar,366,1999,2002,EST,Q307473,direct,Mart Laar
Roivas,366,2014,2015,EST,Q3785077,fuzzy,
Godmanis,367,1990,1993,LAT,Q210822,direct,Ivars Godmanis
Birkavs,367,1993,1994,LAT,Q960031,fuzzy,
Indulis Emsis,367,2004,2004,LAT,Q540255,fuzzy,
Aigars Kalvitis,367,2004,2007,LAT,Q210715,fuzzy,
Dombrovskis,367,2009,2014,LAT,Q57630,fuzzy,
Landsbergis,368,1990,1992,LIT,Q164582,fuzzy,
Brazauskas,368,1992,1998,LIT,Q212751,fuzzy,
Adamkus,368,1998,2003,LIT,Q153167,direct,Valdas Adamkus
Paksas,368,2003,2004,LIT,Q296956,direct,Rolandas Paksas
Grybauskaite,368,2009,2015,LIT,Q57379,fuzzy,
Kravchuk,369,1990,1994,UKR,Q189732,direct,Leonid Kravchuk
Kuchma,369,1994,2005,UKR,Q629702,direct,Leonid Kuchma
Yanukovych,369,2010,2014,UKR,Q16054880,fuzzy,
Oleksandr Turchynov,369,2014,2014,UKR,Q15850,fuzzy,
Petro Poroshenko,369,2014,2015,UKR,Q58077,fuzzy,
Lukashenko,370,1994,2015,BLR,Q2866,direct,Alexander Lukashenko
Ter-Petrosyan,371,1991,1998,ARM,Q612949,fuzzy,
Kocharian,371,1998,2008,ARM,Q613051,direct,Robert Kocharyan
Gamsakhurdia,372,1991,1992,GRG,Q218435,direct,Zviad Gamsakhurdia
Ioseliani,372,1992,1992,GRG,Q969062,fuzzy,
Shevardnadze,372,1992,2003,GRG,Q151929,direct,Eduard Shevardnadze
Burdjanadze,372,2003,2004,GRG,Q229493,direct,Nino Burjanadze
Saakashvili,372,2004,2007,GRG,Q43330,direct,Mikheil Saakashvili
H. Aliyev,373,1993,2003,AZE,Q157451,direct,Heydar Aliyev
Ilhma Aliyev,373,2003,2015,AZE,Q57371,direct,Ilham Aliyev
Paasikivi,375,1946,1956,FIN,Q202171,direct,Juho Kusti Paasikivi
Kekkonen,375,1956,1981,FIN,Q179858,direct,Urho Kekkonen
Koivisto,375,1981,1994,FIN,Q29021,direct,Mauno Koivisto
Marthi Ahtisaari,375,1994,2000,FIN,Q29230,direct,Martti Ahtisaari
Halonen,375,2000,2012,FIN,Q29213,direct,Tarja Halonen
Sauli Niinistö,375,2012,2015,FIN,Q29207,fuzzy,
Erlander,380,1946,1969,SWD,Q53707,direct,Tage Erlander
Palme,380,1969,1976,SWD,Q53713,direct,Olof Palme
Ullsten,380,1978,1979,SWD,Q53733,direct,Ola Ullsten
Palme,380,1982,1986,SWD,Q53713,direct,Olof Palme
Carlsson,380,1986,1991,SWD,Q53740,direct,Ingvar Carlsson
Bildt,380,1991,1994,SWD,Q52922,direct,Carl Bildt
Carlsson,380,1994,1996,SWD,Q53740,direct,Ingvar Carlsson
Reinfeldt,380,2006,2014,SWD,Q52920,fuzzy,
Stefan Löfven,380,2014,2015,SWD,Q2740012,fuzzy,
Nygaardsvold,385,1945,1945,NOR,Q317659,fuzzy,
Gerhardsen,385,1945,1951,NOR,Q164346,direct,Einar Gerhardsen
Gerhardsen,385,1955,1963,NOR,Q164346,direct,Einar Gerhardsen
Gerhardsen,385,1963,1965,NOR,Q164346,direct,Einar Gerhardsen
Borten,385,1965,1971,NOR,Q380659,direct,Per Borten
Korvald,385,1972,1973,NOR,Q317412,direct,Lars Korvald
Nordli,385,1976,1981,NOR,Q337295,direct,Odvar Nordli
Brundtland,385,1981,1981,NOR,Q133009,direct,Gro Harlem Brundtland
Brundtland,385,1986,1989,NOR,Q133009,direct,Gro Harlem Brundtland
Syse,385,1989,1990,NOR,Q311421,direct,Jan P. Syse
Brundtland,385,1990,1996,NOR,Q133009,direct,Gro Harlem Brundtland
Bondevik,385,1997,1998,NOR,Q207655,direct,Kjell Magne Bondevik
Bondevik,385,1998,2000,NOR,Q207655,direct,Kjell Magne Bondevik
Stoltenberg,385,2000,2001,NOR,Q57665,fuzzy,
Bondevik,385,2001,2005,NOR,Q207655,direct,Kjell Magne Bondevik
Stoltenberg,385,2005,2013,NOR,Q57665,fuzzy,
Buhl,390,1945,1945,DEN,Q664052,direct,Vilhelm Buhl
Kristensen,390,1945,1947,DEN,Q1335084,direct,Knud Kristensen
Hedtoft,390,1947,1950,DEN,Q503087,direct,Hans Hedtoft
Eriksen,390,1950,1953,DEN,Q710950,direct,Erik Eriksen
Hedtoft,390,1953,1955,DEN,Q503087,direct,Hans Hedtoft
Hansen,390,1955,1960,DEN,Q721358,direct,H. C. Hansen
Kampmann,390,1960,1962,DEN,Q918287,direct,Viggo Kampmann
Krag,390,1962,1968,DEN,Q441330,direct,Jens Otto Krag
Baunsgaard,390,1968,1971,DEN,Q727237,direct,Hilmar Baunsgaard
Krag,390,1971,1972,DEN,Q441330,direct,Jens Otto Krag
Hartling,390,1973,1975,DEN,Q348901,direct,Poul Hartling
Nyrup Rasmussen,390,1993,2001,DEN,Q311063,direct,Poul Nyrup Rasmussen
Fogh Rasmussen,390,2001,2009,DEN,Q46052,direct,Anders Fogh Rasmussen
Lars Løkke Rasmussen,390,2009,2011,DEN,Q182397,fuzzy,
Thorning-Schmidt,390,2011,2015,DEN,Q57652,fuzzy,
Lars Løkke Rasmussen,390,2015,2015,DEN,Q182397,fuzzy,
Benediktsson,395,1963,1970,ICE,Q360353,direct,Bjarni Benediktsson
Thoroddsen,395,1980,1983,ICE,Q984037,direct,Gunnar Thoroddsen
Halldor Asgrimsson,395,2004,2006,ICE,Q208879,fuzzy,
Sigurdardottir,395,2009,2013,ICE,Q57772,fuzzy,
Pires,402,1975,1991,CAP,Q107431,direct,Pedro Pires
Correia Seabra,404,2003,2003,GNB,Q715042,fuzzy,
Henrique Pereira Rosa,404,2003,2005,GNB,Q286130,fuzzy,
Raimundo Pereira,404,2012,2012,GNB,Q314538,fuzzy,
Mamadu Ture Kuruma,404,2012,2012,GNB,Q3075634,fuzzy,
Manuel Serifo Nhamadjo,404,2012,2014,GNB,Q57424,fuzzy,
Bonifacio Ondo Edu,411,1963,1968,EQG,Q732636,fuzzy,
Nguema Mbasogo,411,1979,2015,EQG,Q57385,fuzzy,
Jawara,420,1965,1994,GAM,Q312716,fuzzy,
Jammeh,420,1994,2015,GAM,Q57356,direct,Yahya Jammeh
Traore,432,1968,1991,MLI,Q100280563,fuzzy,
Amadou Sanogo,432,2012,2012,MLI,Q372679,fuzzy,
Dioncounda Traore,432,2012,2013,MLI,Q372780,fuzzy,
Ibrahim Boubacar Keita,432,2013,2015,MLI,Q324108,fuzzy,
Diouf,433,1981,2000,SEN,Q219728,direct,Abdou Diouf
Abdoulaye Wade,433,2000,2012,SEN,Q106963,fuzzy,
Maga,434,1960,1963,BEN,Q336242,direct,Hubert Maga
Soglo,434,1963,1964,BEN,Q336218,fuzzy,
Congacou,434,1965,1965,BEN,Q888596,fuzzy,
Soglo,434,1965,1967,BEN,Q336218,fuzzy,
Kouandete,434,1969,1969,BEN,Q888400,fuzzy,
Paul-Emile de Souza,434,1969,1970,BEN,Q881211,fuzzy,
Maga,434,1970,1972,BEN,Q336242,direct,Hubert Maga
Ahomadegbe,434,1972,1972,BEN,Q438852,fuzzy,
Yayi Boni,434,2006,2015,BEN,Q29196,fuzzy,
Ould Daddah,435,1960,1978,MAA,Q345385,direct,Moktar Ould Daddah
Ould Mohamed Vall,435,2005,2007,MAA,Q451521,fuzzy,
Diori,436,1960,1974,NIR,Q314355,direct,Hamani Diori
Mamadou Tandja,436,1999,2010,NIR,Q220227,fuzzy,
Issoufou,436,2011,2015,NIR,Q1674799,fuzzy,
Laurent Gbagbo,437,2000,2011,CDI,Q179242,direct,Laurent Gbagbo
Ouattara,437,2011,2015,CDI,Q57413,fuzzy,
Beavogui,438,1984,1984,GUI,Q718245,fuzzy,
Sompare,438,2008,2008,GUI,Q323086,fuzzy,
Dadis Camara,438,2008,2009,GUI,Q314271,fuzzy,
Sekouba Konate,438,2009,2010,GUI,Q718230,fuzzy,
Lamizana,439,1966,1971,BFO,Q529272,fuzzy,
Gerard Kango Ouedraogo,439,1971,1974,BFO,Q605414,fuzzy,
Lamizana,439,1974,1980,BFO,Q529272,fuzzy,
Sankara,439,1983,1987,BFO,Q202155,direct,Thomas Sankara
Roch Marc Christian Kabore,439,2015,2015,BFO,Q599988,fuzzy,
Doe,450,1980,1990,LBR,Q294618,direct,Samuel Doe
Sankawulo,450,1995,1996,LBR,Q888828,fuzzy,
Ruth Perry,450,1996,1997,LBR,Q461668,fuzzy,
Moses Zeh Blah,450,2003,2003,LBR,Q561542,fuzzy,
Johnson Sirleaf,450,2006,2015,LBR,Q43179,fuzzy,
"Margai,M",451,1961,1964,SIE,Q879302,direct,Milton Margai
"Margai, A",451,1964,1967,SIE,Q359490,direct,Albert Margai
Stevens,451,1968,1985,SIE,Q515657,direct,Siaka Stevens
Momoh,451,1985,1992,SIE,Q887812,direct,Joseph Saidu Momoh
Kabbah,451,1996,1997,SIE,Q336297,direct,Ahmad Tejan Kabbah
Koroma,451,1997,1998,SIE,Q888792,direct,Johnny Paul Koroma
Kabbah,451,1998,2007,SIE,Q336297,direct,Ahmad Tejan Kabbah
Nkrumah,452,1952,1966,GHA,Q8620,direct,Kwame Nkrumah
Ankrah,452,1966,1969,GHA,Q356728,direct,Joseph Arthur Ankrah
Afrifa,452,1969,1969,GHA,Q424377,direct,Akwasi Afrifa
Acheampong,452,1972,1978,GHA,Q472593,direct,Ignatius Kutu Acheampong
Akuffo,452,1978,1979,GHA,Q718234,direct,Fred Akuffo
Rawlings,452,1979,1979,GHA,Q51002,direct,Jerry Rawlings
Limann,452,1979,1981,GHA,Q50997,direct,Hilla Limann
Rawlings,452,1981,2001,GHA,Q51002,direct,Jerry Rawlings
John Agyekum Kufuor,452,2001,2009,GHA,Q51005,direct,John Kufuor
John Mahama,452,2012,2015,GHA,Q50678,fuzzy,
Grunitzky,461,1963,1967,TOG,Q561303,fuzzy,
Faure Gnassingbe,461,2005,2005,TOG,Q4414,fuzzy,
Bonfoh,461,2005,2005,TOG,Q305669,fuzzy,
Faure Gnassingbe,461,2005,2015,TOG,Q4414,fuzzy,
Ahidjo,471,1960,1982,CAO,Q298718,direct,Ahmadou Ahidjo
Biya,471,1982,2015,CAO,Q57272,direct,Paul Biya
Balewa,475,1960,1966,NIG,Q335684,direct,Abubakar Tafawa Balewa
Gowon,475,1966,1975,NIG,Q354695,direct,Yakubu Gowon
Ramat Mohammed,475,1975,1976,NIG,Q373628,redirect,Murtala Mohammed
Obasanjo,475,1976,1979,NIG,Q202006,direct,Olusegun Obasanjo
Buhari,475,1983,1985,NIG,Q361567,direct,Muhammadu Buhari
Babangida,475,1985,1993,NIG,Q333415,direct,Ibrahim Babangida
Shonekan,475,1993,1993,NIG,Q471351,fuzzy,
Abacha,475,1993,1998,NIG,Q207942,direct,Sani Abacha
Abubakar,475,1998,1999,NIG,Q262346,direct,Abdulsalami Abubakar
Obasanjo,475,1999,2007,NIG,Q202006,direct,Olusegun Obasanjo
Yar'Adua,475,2007,2010,NIG,Q111149753,fuzzy,
Goodluck Jonathan,475,2010,2015,NIG,Q57380,fuzzy,
Bongo,481,1967,2009,GAB,Q172083,direct,Omar Bongo
Rose Francine Rogombe,481,2009,2009,GAB,Q270645,fuzzy,
Ali Bongo Ondimba,481,2009,2015,GAB,Q57521,fuzzy,
Dacko,482,1960,1966,CEN,Q310860,fuzzy,
Dacko,482,1979,1981,CEN,Q310860,fuzzy,
Francois Bozize,482,2003,2013,CEN,Q57452,fuzzy,
Catherine Samba-Panza,482,2014,2015,CEN,Q15633683,fuzzy,
Oueddei,483,1979,1982,CHA,Q548636,direct,Goukouni Oueddei
Ngouabi,484,1969,1977,CON,Q454025,fuzzy,
Nguesso,484,1979,1992,CON,Q57418,fuzzy,
Lissouba,484,1992,1997,CON,Q379725,fuzzy,
Nguesso,484,1997,2015,CON,Q57418,fuzzy,
Lumumba,490,1960,1960,DRC,Q161672,direct,Patrice Lumumba
Mobutu,490,1960,1960,DRC,Q164535,direct,Mobutu Sese Seko
Kasavubu,490,1960,1965,DRC,Q206048,fuzzy,
Mobutu,490,1965,1997,DRC,Q164535,direct,Mobutu Sese Seko
Joseph Kabila,490,2001,2015,DRC,Q57416,fuzzy,
Obote,500,1962,1971,UGA,Q210069,direct,Milton Obote
Yusuf Lule,500,1979,1979,UGA,Q452024,fuzzy,
Paulo Muwanga,500,1980,1980,UGA,Q497412,direct,Paulo Muwanga
Obote,500,1980,1985,UGA,Q210069,direct,Milton Obote
Museveni,500,1986,2015,UGA,Q57274,fuzzy,
Kenyatta,501,1963,1978,KEN,Q173563,direct,Jomo Kenyatta
Moi,501,1978,2002,KEN,Q193492,direct,Daniel arap Moi
Mwai Kibaki,501,2002,2013,KEN,Q57291,fuzzy,
Uhuru Kenyatta,501,2013,2015,KEN,Q196070,fuzzy,
Nyerere,510,1961,1985,TAZ,Q186525,direct,Julius Nyerere
Mwinyi,510,1985,1995,TAZ,Q361581,direct,Ali Hassan Mwinyi
Mkapa,510,1995,2005,TAZ,Q320156,fuzzy,
Kikwete,510,2005,2015,TAZ,Q57488,fuzzy,
John Magufuli,510,2015,2015,TAZ,Q5018756,fuzzy,
Mwambutsa,516,1962,1966,BUI,Q627267,fuzzy,
Ntare,516,1966,1966,BUI,Q627261,fuzzy,
Micombero,516,1966,1976,BUI,Q282359,direct,Michel Micombero
Buyoya,516,1987,1993,BUI,Q380916,fuzzy,
Ndadaye,516,1993,1993,BUI,Q457201,direct,Melchior Ndadaye
Buyoya,516,1996,2003,BUI,Q380916,fuzzy,
Ndayizeye,516,2003,2005,BUI,Q358332,direct,Domitien Ndayizeye
Nkurunziza,516,2005,2015,BUI,Q57343,fuzzy,
Kayibanda,517,1961,1973,RWA,Q557995,fuzzy,
Sindikubwabo,517,1994,1994,RWA,Q888967,fuzzy,
Paul Kagame,517,1994,2015,RWA,Q1231345,direct,Paul Kagame
Osman Daar,520,1960,1967,SOM,Q157197,redirect,Aden Abdullah Osman Daar
Shermarke,520,1967,1969,SOM,Q308215,redirect,Abdirashid Ali Shermarke
Siad Barre,520,1969,1991,SOM,Q209828,direct,Siad Barre
Hassan Sheikh Mohamud,520,2012,2015,SOM,Q319153,fuzzy,
Gouled Aptidon,522,1977,1999,DJI,Q297667,direct,Hassan Gouled Aptidon
Guelleh,522,1999,2015,DJI,Q57390,fuzzy,
Gebre Kidan,530,1991,1991,ETH,Q262589,fuzzy,
Meles Zenawi,530,1991,2012,ETH,Q161184,fuzzy,
Neto,540,1975,1979,ANG,Q181665,direct,Agostinho Neto
Machel,541,1975,1986,MZM,Q219918,direct,Samora Machel
Chissano,541,1986,2005,MZM,Q208355,fuzzy,
Guebuza,541,2005,2015,MZM,Q57392,fuzzy,
Filipe Nyusi,541,2015,2015,MZM,Q5448556,fuzzy,
Kaunda,551,1964,1991,ZAM,Q105480,direct,Kenneth Kaunda
Chiluba,551,1991,2002,ZAM,Q297057,direct,Frederick Chiluba
Levy Mwanawasa,551,2002,2008,ZAM,Q212058,direct,Levy Mwanawasa
Edgar Lungu,551,2015,2015,ZAM,Q18352991,fuzzy,
Smith,552,1965,1979,ZIM,Q313424,direct,Ian Smith
Muzorewa,552,1979,1979,ZIM,Q318479,fuzzy,
Mugabe,552,1980,2015,ZIM,Q10707,direct,Robert Mugabe
Banda,553,1964,1994,MAW,Q184945,direct,Hastings Banda
Muluzi,553,1994,2004,MAW,Q317107,fuzzy,
Bingu wa Mutharika,553,2004,2012,MAW,Q181586,fuzzy,
Joyce Hilda Banda,553,2012,2014,MAW,Q57388,fuzzy,
Peter Mutharika,553,2014,2015,MAW,Q7176020,fuzzy,
Strijdom,560,1954,1958,SAF,Q359536,fuzzy,
Swart,560,1958,1958,SAF,Q380398,redirect,Charles Robberts Swart
Verwoerd,560,1958,1966,SAF,Q297000,fuzzy,
Vorster,560,1966,1978,SAF,Q313903,redirect,B. J. Vorster
Botha,560,1978,1989,SAF,Q212286,redirect,Pieter Willem Botha
Heunis,560,1989,1989,SAF,Q1077326,direct,Chris Heunis
Botha,560,1989,1989,SAF,Q212286,redirect,Pieter Willem Botha
deKlerk,560,1989,1994,SAF,Q151813,redirect,Frederik Willem de Klerk
Mandela,560,1994,1999,SAF,Q8023,direct,Nelson Mandela
Mbeki,560,1999,2008,SAF,Q101547,direct,Thabo Mbeki
Motlanthe,560,2008,2009,SAF,Q152327,fuzzy,
Nujoma,565,1990,2005,NAM,Q154104,direct,Sam Nujoma
Pohamba,565,2005,2015,NAM,Q57469,fuzzy,
Hage Geingob,565,2015,2015,NAM,Q1568274,fuzzy,
Jonathan,570,1966,1986,LES,Q1347953,direct,Leabua Jonathan
Lekhanya,570,1986,1991,LES,Q1397999,fuzzy,
Letsie III,570,1994,1994,LES,Q57537,fuzzy,
Mosisili,570,1998,2012,LES,Q57732,direct,Pakalitha Mosisili
Thabane,570,2012,2015,LES,Q983971,fuzzy,
Khama,571,1966,1980,BOT,Q219962,direct,Seretse Khama
Masire,571,1980,1998,BOT,Q310574,direct,Quett Masire
Mogae,571,1998,2008,BOT,Q193238,direct,Festus Mogae
Ian Khama,571,2008,2015,BOT,Q57449,fuzzy,
Dzeliwe Shongwe,572,1982,1983,SWA,Q273259,fuzzy,
Mswati,572,1986,2015,SWA,Q57340,fuzzy,
Ramanantsoa,580,1972,1975,MAG,Q365387,fuzzy,
Gilles Andriamahazo,580,1975,1975,MAG,Q878859,fuzzy,
Ratsiraka,580,1975,1993,MAG,Q315953,fuzzy,
Zafy,580,1993,1996,MAG,Q559672,fuzzy,
Ratsiraka,580,1997,2002,MAG,Q315953,fuzzy,
Marc Ravalomanana,580,2002,2009,MAG,Q155554,direct,Marc Ravalomanana
Rajoelina,580,2009,2014,MAG,Q57363,fuzzy,
Abdallah,581,1975,1975,COM,Q401076,direct,Ahmed Abdallah
Ramgoolam,590,1968,1982,MAS,Q2166580,direct,Seewoosagur Ramgoolam
Anerood Jugnauth,590,1982,1995,MAS,Q217566,direct,Anerood Jugnauth
Anerood Jugnauth,590,2000,2003,MAS,Q217566,direct,Anerood Jugnauth
Navin Ramgoolam,590,2005,2014,MAS,Q57836,fuzzy,
Mohammed V,600,1956,1961,MOR,Q193874,direct,Mohammed V of Morocco
Hassan II,600,1961,1999,MOR,Q69103,direct,Hassan II of Morocco
Muhammad VI,600,1999,2015,MOR,Q57553,fuzzy,
Ben Khedda,615,1962,1962,ALG,Q2679301,direct,Benyoucef Benkhedda
Boumedienne,615,1965,1978,ALG,Q310855,fuzzy,
Bitat,615,1978,1979,ALG,Q327414,direct,Rabah Bitat
Benjedid,615,1979,1992,ALG,Q314688,direct,Chadli Bendjedid
Boudiaf,615,1992,1992,ALG,Q314691,fuzzy,
Zeroual,615,1994,1999,ALG,Q327127,fuzzy,
Bouteflika,615,1999,2015,ALG,Q57308,direct,Abdelaziz Bouteflika
Ben Ali Bourguiba,616,1957,1987,TUN,Q643348,direct,Habib Bourguiba
Zine Al-Abidine Ben Ali,616,1987,2011,TUN,Q204487,direct,Zine El Abidine Ben Ali
Ghannouchi,616,2011,2011,TUN,Q360792,fuzzy,
Mebazaa,616,2011,2011,TUN,Q152369,fuzzy,
Idris,620,1951,1969,LIB,Q116430,redirect,Idris I of Libya
Qaddafi,620,1969,2011,LIB,Q19878,fuzzy,
Mohammed Ali Salim,620,2012,2012,LIB,Q659147,fuzzy,
Mohammed Magariaf,620,2012,2013,LIB,Q57534,fuzzy,
Giuma Ahmed Atigha,620,2013,2013,LIB,Q13410170,fuzzy,
Nouri Abusahmain,620,2013,2014,LIB,Q13550478,fuzzy,
Abboud,625,1958,1964,SUD,Q319216,direct,Ibrahim Abboud
Sadiq al-Mahdi,625,1966,1967,SUD,Q387953,fuzzy,
Nimeiri,625,1969,1971,SUD,Q311798,direct,Gaafar Nimeiry
Nimeiri,625,1971,1985,SUD,Q311798,direct,Gaafar Nimeiry
Sadiq al-Mahdi,625,1986,1989,SUD,Q387953,fuzzy,
Salva Kiir,626,2011,2015,SSD,Q57315,fuzzy,
Mohammad Mossadeg,630,1951,1953,IRN,Q123037,fuzzy,
Mohammad Reza,630,1953,1979,IRN,Q128245,direct,Mohammad Reza Pahlavi
Ayatollah Khomeini,630,1979,1989,IRN,Q38823,direct,Ruhollah Khomeini
Khamenei,630,1989,1989,IRN,Q57336,fuzzy,
Rafsanjani,630,1989,1997,IRN,Q186111,fuzzy,
Ahmadinejad,630,2005,2013,IRN,Q1091523,fuzzy,
Rouhani,630,2013,2015,IRN,Q348144,fuzzy,
Menderes,640,1950,1960,TUR,Q238745,direct,Adnan Menderes
Erbakan,640,1996,1997,TUR,Q243550,direct,Necmettin Erbakan
Abdullah Gul,640,2002,2003,TUR,Q42852,fuzzy,
Faisal II,645,1953,1958,IRQ,Q149724,redirect,Faisal II of Iraq
Salem Aref,645,1963,1966,IRQ,Q307494,direct,Abdul Salam Arif
Saddam Hussein,645,1979,2003,IRQ,Q1316,direct,Saddam Hussein
Tommy Ray Franks,645,2003,2003,IRQ,Q461823,fuzzy,
Iyad Allawi,645,2004,2005,IRQ,Q313816,fuzzy,
al-Maliki,645,2006,2014,IRQ,Q57673,fuzzy,
al-Abadi,645,2014,2015,IRQ,Q5639013,fuzzy,
Naguib,651,1952,1954,EGY,Q104392,redirect,Muhammad Naguib
Nasser,651,1954,1970,EGY,Q39524,direct,Gamal Abdel Nasser
Sadat,651,1970,1981,EGY,Q42013,redirect,Anwar El Sadat
Mubarak,651,1981,2011,EGY,Q34105,fuzzy,
Morsi,651,2012,2013,EGY,Q4631,fuzzy,
al-Sisi,651,2014,2015,EGY,Q307871,fuzzy,
Shishakli,652,1949,1954,SYR,Q59471,fuzzy,
Kuwatli,652,1955,1958,SYR,Q59981,fuzzy,
Nasser (president of UAR),652,1958,1961,SYR,Q39524,direct,Gamal Abdel Nasser
Bashar al-Assad,652,2000,2015,SYR,Q44329,fuzzy,
Chamoun,660,1952,1958,LEB,Q365971,direct,Camille Chamoun
Aoun,660,1988,1989,LEB,Q363392,direct,Michel Aoun
Elias Hrawi,660,1989,1998,LEB,Q118272,fuzzy,
Emile Lahoud,660,1998,2007,LEB,Q206479,fuzzy,
Siniora,660,2007,2008,LEB,Q314263,fuzzy,
Hussein Ibn Talal El-Hashim,663,1952,1999,JOR,Q146906,direct,Hussein of Jordan
Ben Gurion,666,1948,1953,ISR,Q37610,fuzzy,
Sharett,666,1953,1955,ISR,Q208477,direct,Moshe Sharett
Ben Gurion,666,1955,1963,ISR,Q37610,fuzzy,
Eshkol,666,1963,1969,ISR,Q191123,direct,Levi Eshkol
Meir,666,1969,1974,ISR,Q42992,direct,Golda Meir
Rabin,666,1974,1977,ISR,Q34060,direct,Yitzhak Rabin
Peres,666,1977,1977,ISR,Q57410,direct,Shimon Peres
Begin,666,1977,1983,ISR,Q130873,direct,Menachem Begin
Peres,666,1984,1986,ISR,Q57410,direct,Shimon Peres
Rabin,666,1992,1995,ISR,Q34060,direct,Yitzhak Rabin
Peres,666,1995,1996,ISR,Q57410,direct,Shimon Peres
Netanyahu,666,1996,1999,ISR,Q43723,fuzzy,
Barak,666,1999,2001,ISR,Q125731,direct,Ehud Barak
Ariel Sharon,666,2001,2006,ISR,Q60206,direct,Ariel Sharon
Olmert,666,2006,2009,ISR,Q93181,fuzzy,
Netanyahu,666,2009,2015,ISR,Q43723,fuzzy,
Fahd,670,1982,1996,SAU,Q183187,direct,Fahd of Saudi Arabia
Abdullah ibn Abdilaziz,670,1996,2015,SAU,Q57298,fuzzy,
Salman bin Abdulaziz Al Saud,670,2015,2015,SAU,Q367825,fuzzy,
Abd Rabbuh Mansur Hadi,678,2012,2015,YEM,Q57480,fuzzy,
Saddam Hussein,690,1990,1991,KUW,Q1316,direct,Saddam Hussein
Qabus Bin Said,698,1970,2015,OMA,Q57331,redirect,Qaboos bin Said al Said
Sardar Mohammad Daud Khan,700,1953,1963,AFG,Q310247,redirect,Mohammed Daoud Khan
Mohammad Hashim Maiwandwal,700,1965,1967,AFG,Q1317228,fuzzy,
Abdallah Yakta,700,1967,1967,AFG,Q317743,direct,Abdullah Yaqta
Abdul Zahir,700,1971,1972,AFG,Q4665763,fuzzy,
Mohammad Musa Shafiq,700,1972,1973,AFG,Q1397698,fuzzy,
Sardar Mohammad Daud Khan,700,1973,1978,AFG,Q310247,redirect,Mohammed Daoud Khan
Taraki,700,1978,1979,AFG,Q299559,fuzzy,
Amin,700,1979,1979,AFG,Q63831,direct,Hafizullah Amin
Karmal,700,1979,1986,AFG,Q63827,direct,Babrak Karmal
Burhanuddin Rabbani,700,1992,1996,AFG,Q188667,fuzzy,
Hamid Karzai,700,2001,2014,AFG,Q43944,direct,Hamid Karzai
Niyazov,701,1990,2006,TKM,Q82918,direct,Saparmurat Niyazov
Nabiyev,702,1991,1992,TAJ,Q558515,fuzzy,
Iskandrov,702,1992,1992,TAJ,Q2828958,redirect,Akbarsho Iskandrov
Akayev,703,1990,2005,KYR,Q489893,direct,Askar Akayev
Otunbayeva,703,2010,2011,KYR,Q485136,fuzzy,
Nazarbayev,705,1990,2015,KZK,Q57394,direct,Nursultan Nazarbayev
Mao Tse-Tung,710,1949,1976,CHN,Q5816,direct,Mao Zedong
Hua Guofeng,710,1976,1980,CHN,Q41570,direct,Hua Guofeng
Deng Xiaoping,710,1980,1997,CHN,Q16977,direct,Deng Xiaoping
Jiang Zemin,710,1997,2003,CHN,Q16597,direct,Jiang Zemin
Hu Jintao,710,2003,2012,CHN,Q15029,direct,Hu Jintao
Xi Jinping,710,2012,2015,CHN,Q10874521,fuzzy,
Tsedenbal,712,1952,1984,MON,Q69612964,fuzzy,
Batmonh,712,1984,1990,MON,Q558706,fuzzy,
Ochirbat,712,1990,1997,MON,Q7076333,fuzzy,
Bagabandi,712,1997,2005,MON,Q334679,direct,Natsagiin Bagabandi
Enkhbayar,712,2005,2009,MON,Q54820,fuzzy,
Elbegdorj,712,2009,2015,MON,Q57421,fuzzy,
Chen Shui-bian,713,2000,2008,TAW,Q22368,fuzzy,
Ma Ying-jeou,713,2008,2015,TAW,Q19216,fuzzy,
Kim Jong Un,731,2011,2015,PRK,Q56226,fuzzy,
Rhee,732,1948,1960,ROK,Q171684,direct,Syngman Rhee
Ho Chong,732,1960,1960,ROK,Q469415,fuzzy,
Chang Do Yong,732,1961,1961,ROK,Q483128,fuzzy,
Park Choong Hoon,732,1980,1980,ROK,Q6784197,fuzzy,
Roh Tae Woo,732,1988,1993,ROK,Q242651,fuzzy,
Kim Young Sam,732,1993,1998,ROK,Q165210,fuzzy,
Lee Myung Bak,732,2008,2013,ROK,Q14342,fuzzy,
Park Geun-hye,732,2013,2015,ROK,Q138048,fuzzy,
Matthew Bunker Ridgway,740,1951,1952,JPN,Q494930,direct,Matthew Ridgway
"Yoshida, Shigeru",740,1952,1954,JPN,Q301804,direct,Shigeru Yoshida
Ishibashi,740,1956,1957,JPN,Q351656,direct,Tanzan Ishibashi
Kishi,740,1957,1960,JPN,Q315572,direct,Nobusuke Kishi
Ikeda,740,1960,1964,JPN,Q299142,direct,Hayato Ikeda
Tanaka,740,1972,1974,JPN,Q297644,direct,Kakuei Tanaka
Miki,740,1974,1976,JPN,Q317675,direct,Takeo Miki
Fukuda,740,1976,1978,JPN,Q315584,direct,Takeo Fukuda
Masayoshi Ito,740,1980,1980,JPN,Q744989,direct,Masayoshi Ito
Suzuki,740,1980,1982,JPN,Q315551,redirect,Zenko Suzuki
Nakasone,740,1982,1987,JPN,Q250828,direct,Yasuhiro Nakasone
Takeshita,740,1987,1989,JPN,Q315561,direct,Noboru Takeshita
Kaifu,740,1989,1991,JPN,Q315579,direct,Toshiki Kaifu
Miyazawa,740,1991,1993,JPN,Q315565,direct,Kiichi Miyazawa
Hosokawa,740,1993,1994,JPN,Q315555,direct,Morihiro Hosokawa
Hata,740,1994,1994,JPN,Q315720,direct,Tsutomu Hata
Hashimoto,740,1996,1998,JPN,Q309374,direct,Ryutaro Hashimoto
Mikio Aoki,740,2000,2000,JPN,Q745045,fuzzy,
Yoshiro Mori,740,2000,2001,JPN,Q233499,fuzzy,
Junichiro Koizumi,740,2001,2006,JPN,Q130852,direct,Junichiro Koizumi
Shinzo Abe,740,2006,2007,JPN,Q132345,fuzzy,
Yasuo Fukuda,740,2007,2008,JPN,Q101137,fuzzy,
Taro Aso,740,2008,2009,JPN,Q132596,fuzzy,
Hatoyama Yukio,740,2009,2010,JPN,Q131077,fuzzy,
Naoto Kan,740,2010,2011,JPN,Q47846,fuzzy,
Yoshihiko Noda,740,2011,2012,JPN,Q57647,fuzzy,
Shinzo Abe,740,2012,2015,JPN,Q132345,fuzzy,
Nehru,750,1947,1964,IND,Q1047,direct,Jawaharlal Nehru
Nanda,750,1964,1964,IND,Q317769,direct,Gulzarilal Nanda
Shastri,750,1964,1966,IND,Q244689,direct,Lal Bahadur Shastri
Nanda,750,1966,1966,IND,Q317769,direct,Gulzarilal Nanda
"Gandhi, I.",750,1966,1977,IND,Q1149,direct,Indira Gandhi
Desai,750,1977,1979,IND,Q218661,direct,Morarji Desai
Charan Singh,750,1979,1980,IND,Q319824,fuzzy,
"Gandhi, I.",750,1980,1984,IND,Q1149,direct,Indira Gandhi
"Gandhi, R.",750,1984,1989,IND,Q4593,direct,Rajiv Gandhi
Pratap Singh,750,1989,1990,IND,Q108730328,fuzzy,
Rao,750,1991,1996,IND,Q275146,direct,P. V. Narasimha Rao
Vajpayee,750,1996,1996,IND,Q233289,fuzzy,
Gowda,750,1996,1997,IND,Q377870,direct,H. D. Deve Gowda
Gujral,750,1997,1998,IND,Q248484,direct,Inder Kumar Gujral
Vajpayee,750,1998,2004,IND,Q233289,fuzzy,
Narendra Modi,750,2014,2015,IND,Q1058,fuzzy,
"Wangchuk, Jigme Dorji",760,1952,1972,BHU,Q298020,direct,Jigme Dorji Wangchuck
"Wangchuck, Jigme Singye",760,1972,1998,BHU,Q200273,direct,Jigme Singye Wangchuck
L. Khan,770,1948,1951,PAK,Q295713,direct,Liaquat Ali Khan
Nazimuddin,770,1951,1953,PAK,Q369988,redirect,Khawaja Nazimuddin
Mohammed Ali,770,1953,1955,PAK,Q469875,redirect,Muhammad Ali Bogra
Chaudhri M. Ali,770,1955,1956,PAK,Q284443,redirect,Chaudhry Muhammad Ali
Khan Noon,770,1957,1958,PAK,Q1561693,redirect,Feroz Khan Noon
Ayub Khan,770,1958,1969,PAK,Q190071,direct,Ayub Khan
Yahya Khan,770,1969,1971,PAK,Q333981,direct,Yahya Khan
Bhutto,770,1971,1977,PAK,Q131355,direct,Zulfikar Ali Bhutto
Ishaq Khan,770,1988,1988,PAK,Q314776,direct,Ghulam Ishaq Khan
Benazir Bhutto,770,1988,1990,PAK,Q34413,direct,Benazir Bhutto
Sharif,770,1990,1993,PAK,Q134068,direct,Nawaz Sharif
Sharif,770,1993,1993,PAK,Q134068,direct,Nawaz Sharif
Benazir Bhutto,770,1993,1996,PAK,Q34413,direct,Benazir Bhutto
Khalid,770,1996,1997,PAK,Q982280,direct,Malik Meraj Khalid
Sharif,770,1997,1999,PAK,Q134068,direct,Nawaz Sharif
Musharraf,770,1999,2008,PAK,Q40495,fuzzy,
Soomro,770,2008,2008,PAK,Q317624,fuzzy,
Zardari,770,2008,2013,PAK,Q57373,fuzzy,
Syed Nazrul Islam,771,1971,1972,BNG,Q3346340,fuzzy,
Sheikh Mujib Rahman,771,1972,1975,BNG,Q191375,direct,Sheikh Mujibur Rahman
Ziaur Rahman,771,1975,1981,BNG,Q198313,direct,Ziaur Rahman
Ahmed,771,1990,1991,BNG,Q2665236,redirect,Moeenuddin Ahmad Qureshi
Khaleda Zia,771,1991,1996,BNG,Q234814,fuzzy,
Mohammad Habibur Rahman,771,1996,1996,BNG,Q31734536,redirect,Habibur Rahman
Hasina Wazed,771,1996,2001,BNG,Q52183,fuzzy,
Latifur Rahman,771,2001,2001,BNG,Q2093148,fuzzy,
Khaleda Zia,771,2001,2006,BNG,Q234814,fuzzy,
Iajuddin,771,2006,2007,BNG,Q165672,fuzzy,
Hasina Wazed,771,2009,2015,BNG,Q52183,fuzzy,
U Nu,775,1948,1956,MYA,Q316384,direct,U Nu
U Ba Swe,775,1956,1957,MYA,Q2877627,direct,Ba Swe
U Nu,775,1957,1958,MYA,Q316384,direct,U Nu
Ne Win,775,1958,1960,MYA,Q315522,direct,Ne Win
U Nu,775,1960,1962,MYA,Q316384,direct,U Nu
Ne Win,775,1962,1988,MYA,Q315522,direct,Ne Win
Maung Maung,775,1988,1988,MYA,Q586850,direct,Maung Maung
Than Shwe,775,1992,2011,MYA,Q202553,fuzzy,
Thein Sein,775,2011,2015,MYA,Q12149,fuzzy,
"Senanayake, Don",780,1948,1952,SRI,Q663001,redirect,Don Stephen Senanayake
"Senanayake, Dudley",780,1952,1953,SRI,Q1150570,direct,Dudley Senanayake
Kotelawala,780,1953,1956,SRI,Q4271789,direct,John Kotelawala
Dahanayake,780,1959,1960,SRI,Q982207,direct,Wijeyananda Dahanayake
"Senanayake, Dudley",780,1960,1960,SRI,Q1150570,direct,Dudley Senanayake
"Bandaranaike, S",780,1960,1965,SRI,Q194291,direct,Sirimavo Bandaranaike
"Senanayake, Dudley",780,1965,1970,SRI,Q1150570,direct,Dudley Senanayake
"Bandaranaike, S",780,1970,1977,SRI,Q194291,direct,Sirimavo Bandaranaike
Jayewardene,780,1977,1989,SRI,Q469661,redirect,Junius Richard Jayewardene
Premadasa,780,1989,1993,SRI,Q472323,direct,Ranasinghe Premadasa
Kumaratunga,780,1994,2005,SRI,Q207432,direct,Chandrika Kumaratunga
Rajapakse,780,2005,2015,SRI,Q1538702,fuzzy,
Maithripala Sirisena,780,2015,2015,SRI,Q6737124,fuzzy,
Nasir,781,1957,1978,MAD,Q558802,direct,Ibrahim Nasir
Maumoon Abdul Gayoom,781,1978,2008,MAD,Q297957,direct,Maumoon Abdul Gayoom
Tribhuvan,790,1951,1955,NEP,Q381928,direct,Tribhuvan of Nepal
Mahendra,790,1955,1972,NEP,Q313110,direct,Mahendra of Nepal
Birendra,790,1972,1990,NEP,Q162306,direct,Birendra of Nepal
Girija Prasad Koirala,790,1991,1994,NEP,Q220991,fuzzy,
Sher Bahadur Deuba,790,1995,1997,NEP,Q470903,fuzzy,
Lokendra Bahadur Chand,790,1997,1997,NEP,Q2628548,fuzzy,
Girija Prasad Koirala,790,1998,1999,NEP,Q220991,fuzzy,
Girija Prasad Koirala,790,2000,2001,NEP,Q220991,fuzzy,
Lokendra Bahadur Chand,790,2002,2003,NEP,Q2628548,fuzzy,
Surya Bahadur Thapa,790,2003,2004,NEP,Q983444,fuzzy,
Gyanendra,790,2005,2006,NEP,Q201327,fuzzy,
Girija Prasad Koirala,790,2006,2008,NEP,Q220991,fuzzy,
Prachanda,790,2008,2009,NEP,Q315500,fuzzy,
Madhav Kumar Nepal,790,2009,2011,NEP,Q332509,fuzzy,
Khil Raj Regmi,790,2013,2014,NEP,Q6401600,fuzzy,
Sushil Koirala,790,2014,2015,NEP,Q422969,fuzzy,
Khadga Prasad Sharma Oli,790,2015,2015,NEP,Q3195923,fuzzy,
Thawan Thamrongnawasawat,800,1946,1947,THI,Q1373905,fuzzy,
Plaek Pibulsongkram,800,1947,1957,THI,Q152777,redirect,Plaek Pibulsonggram
Pote Sarasin,800,1957,1957,THI,Q982335,direct,Pote Sarasin
Thanon Kittakachorn,800,1957,1958,THI,Q439990,direct,Thanom Kittikachorn
Sarit,800,1958,1963,THI,Q975621,fuzzy,
Thanon Kittakachorn,800,1963,1973,THI,Q439990,direct,Thanom Kittikachorn
Sanya,800,1973,1975,THI,Q974619,direct,Sanya Dharmasakti
Seni Pramoj,800,1975,1975,THI,Q714042,direct,Seni Pramoj
Kukrot Pramoj,800,1975,1976,THI,Q959588,direct,Kukrit Pramoj
Seni Pramoj,800,1976,1976,THI,Q714042,direct,Seni Pramoj
Thanin Kraivichien,800,1976,1977,THI,Q74861,fuzzy,
Kriangsak,800,1977,1980,THI,Q561177,redirect,Kriangsak Chomanan
Prem,800,1980,1988,THI,Q379827,direct,Prem Tinsulanonda
Choonhavan,800,1988,1991,THI,Q701841,direct,Chatichai Choonhavan
Panyarachun,800,1991,1992,THI,Q485702,direct,Anand Panyarachun
Kraprayoon,800,1992,1992,THI,Q959614,direct,Suchinda Kraprayoon
Panyarachun,800,1992,1992,THI,Q485702,direct,Anand Panyarachun
Leekpai,800,1992,1995,THI,Q464301,fuzzy,
Chavalit Yongchaiyudh,800,1996,1997,THI,Q1068511,direct,Chavalit Yongchaiyudh
Leekpai,800,1997,2001,THI,Q464301,fuzzy,
Thaksin Shinawatra,800,2001,2006,THI,Q164373,fuzzy,
Chulanont,800,2006,2008,THI,Q298079,fuzzy,
Wongsawat,800,2008,2008,THI,Q298088,fuzzy,
Chanweerakul,800,2008,2008,THI,Q529433,fuzzy,
Yingluck Shinawatra,800,2011,2014,THI,Q57670,fuzzy,
Niwattumrong Boonsongpaisan,800,2014,2014,THI,Q16140300,fuzzy,
Prayuth Chan-ocha,800,2014,2015,THI,Q2108126,fuzzy,
Sihanouk,811,1953,1970,CAM,Q160318,direct,Norodom Sihanouk
Lon Nol,811,1970,1975,CAM,Q313400,direct,Lon Nol
Pol Pot,811,1975,1979,CAM,Q39464,direct,Pol Pot
Heng Samrin,811,1979,1985,CAM,Q379197,fuzzy,
Hun Sen,811,1985,1993,CAM,Q57788,direct,Hun Sen
Ranariddh,811,1993,1997,CAM,Q381817,fuzzy,
Hun Sen,811,1997,2015,CAM,Q57788,direct,Hun Sen
Souvanna Phouma,812,1951,1954,LAO,Q469498,direct,Souvanna Phouma
Katay Don Sasorith,812,1954,1956,LAO,Q1736960,fuzzy,
Souvanna Phouma,812,1956,1958,LAO,Q469498,direct,Souvanna Phouma
Somsanith,812,1960,1960,LAO,Q2300705,fuzzy,
Souvanna Phouma,812,1960,1960,LAO,Q469498,direct,Souvanna Phouma
Boun Oum,812,1960,1962,LAO,Q2196351,direct,Boun Oum
Souvanna Phouma,812,1962,1964,LAO,Q469498,direct,Souvanna Phouma
Kouprasith,812,1964,1964,LAO,Q6434680,fuzzy,
Souvanna Phouma,812,1964,1975,LAO,Q469498,direct,Souvanna Phouma
Sayasone,812,2006,2015,LAO,Q57444,fuzzy,
Ho Chi Minh,816,1945,1969,DRV,Q36014,direct,Ho Chi Minh
Le Duan,816,1969,1986,DRV,Q466001,fuzzy,
Truong Chinh,816,1986,1986,DRV,Q545539,fuzzy,
Nguyen Van Linh,816,1986,1991,DRV,Q739795,fuzzy,
Do Muoi,816,1991,1997,DRV,Q342600,fuzzy,
Ngo Dinh Diem,817,1954,1963,RVN,Q192502,direct,Ngo Dinh Diem
Minh,817,1963,1964,RVN,Q434419,fuzzy,
Khanh,817,1964,1964,RVN,Q504362,redirect,Nguyen Khanh
Khahn,817,1965,1965,RVN,Q504362,redirect,Nguyen Khanh
Van Thieu,817,1965,1975,RVN,Q313707,fuzzy,
Minh,817,1975,1975,RVN,Q434419,fuzzy,
Rahman,820,1957,1959,MAL,Q296317,direct,Tunku Abdul Rahman
Razak,820,1959,1959,MAL,Q2821422,redirect,Abdul Razak
Rahman,820,1959,1970,MAL,Q296317,direct,Tunku Abdul Rahman
Razak,820,1970,1976,MAL,Q2821422,redirect,Abdul Razak
Hussein Bin Onn,820,1976,1981,MAL,Q529391,direct,Hussein Onn
Mahatir Bin Mohammad,820,1981,2003,MAL,Q181383,redirect,Mahathir bin Mohamad
Ahmad Badawi,820,2003,2009,MAL,Q272588,direct,Abdullah Ahmad Badawi
Najib Tun Razak,820,2009,2015,MAL,Q57675,fuzzy,
Lee Kuan Yew,830,1959,1990,SIN,Q131248,direct,Lee Kuan Yew
Goh Chok Tong,830,1990,2004,SIN,Q313300,direct,Goh Chok Tong
Lee Hsien Loong,830,2004,2015,SIN,Q57643,fuzzy,
Hassanal Bolkiah,835,1967,2015,BRU,Q57327,direct,Hassanal Bolkiah
Roxas,840,1946,1948,PHI,Q223419,direct,Manuel Roxas
Quirrino,840,1948,1953,PHI,Q319943,direct,Elpidio Quirino
Magsaysay,840,1953,1957,PHI,Q117096,direct,Ramon Magsaysay
Garcia,840,1957,1961,PHI,Q319939,direct,Carlos P. Garcia
Macapagal,840,1961,1965,PHI,Q312539,direct,Diosdado Macapagal
Marcos,840,1965,1986,PHI,Q1463,direct,Ferdinand Marcos
Aquino,840,1986,1992,PHI,Q1480,direct,Corazon Aquino
Estrada,840,1998,2001,PHI,Q212733,direct,Joseph Estrada
Benigno Aquino III,840,2010,2015,PHI,Q1464,fuzzy,
Sukarno,850,1945,1948,INS,Q76127,direct,Sukarno
Louis Beel,850,1948,1949,INS,Q735519,direct,Louis Beel
Sukarno,850,1949,1966,INS,Q76127,direct,Sukarno
Suharto,850,1966,1998,INS,Q44819,fuzzy,
Megawati Sukarnoputri,850,2001,2004,INS,Q76179,fuzzy,
Bambang Yudhoyono,850,2004,2014,INS,Q57405,fuzzy,
Joko Widodo,850,2014,2015,INS,Q3318231,fuzzy,
Forde,900,1945,1945,AUL,Q459146,direct,Frank Forde
Chifley,900,1945,1949,AUL,Q23379,direct,Ben Chifley
Menzies,900,1949,1966,AUL,Q214438,direct,Robert Menzies
Holt,900,1966,1967,AUL,Q312722,direct,Harold Holt
McEwen,900,1967,1968,AUL,Q23386,direct,John McEwen
Gorton,900,1968,1971,AUL,Q356411,direct,John Gorton
McMahon,900,1971,1972,AUL,Q356261,direct,William McMahon
Whitlam,900,1972,1975,AUL,Q23333,direct,Gough Whitlam
Fraser,900,1975,1983,AUL,Q315979,direct,Malcolm Fraser
Hawke,900,1983,1991,AUL,Q269372,direct,Bob Hawke
Howard,900,1996,2007,AUL,Q51330,direct,John Howard
Malcolm Turnbull,900,2015,2015,AUL,Q927550,fuzzy,
Somare,910,1975,1980,PNG,Q316264,direct,Michael Somare
Somare,910,1982,1985,PNG,Q316264,direct,Michael Somare
Namaliu,910,1988,1992,PNG,Q2003366,fuzzy,
Morauta,910,1999,2002,PNG,Q1381425,fuzzy,
Somare,910,2002,2011,PNG,Q316264,direct,Michael Somare
Holland,920,1949,1957,NEW,Q1390488,direct,Sidney Holland
Holyoake,920,1957,1957,NEW,Q637012,direct,Keith Holyoake
Nash,920,1957,1960,NEW,Q721770,direct,Walter Nash
Holyoake,920,1960,1972,NEW,Q637012,direct,Keith Holyoake
Marshall,920,1972,1972,NEW,Q284733,direct,Jack Marshall
Kirk,920,1972,1974,NEW,Q1237120,direct,Norman Kirk
Rowling,920,1974,1975,NEW,Q862430,direct,Bill Rowling
Muldoon,920,1975,1984,NEW,Q737739,direct,Robert Muldoon
Lange,920,1984,1989,NEW,Q367589,direct,David Lange
Moore,920,1990,1990,NEW,Q415745,redirect,Mike Moore
Bolger,920,1990,1997,NEW,Q139785,direct,Jim Bolger
Jenny Shipley,920,1997,1999,NEW,Q235996,fuzzy,
Helen Clark,920,1999,2008,NEW,Q180383,direct,Helen Clark
John Key,920,2008,2015,NEW,Q57783,fuzzy,
Mara,950,1970,1987,FJI,Q469507,direct,Kamisese Mara
Bavadra,950,1987,1987,FJI,Q2097052,fuzzy,
Rabuka,950,1987,1987,FJI,Q981549,direct,Sitiveni Rabuka
Mara,950,1987,1992,FJI,Q469507,direct,Kamisese Mara
Rabuka,950,1992,1999,FJI,Q981549,direct,Sitiveni Rabuka
Ratu Josefa Iloilo,950,2000,2000,FJI,Q316317,fuzzy,
Bainimarama,950,2000,2000,FJI,Q57830,direct,Frank Bainimarama
Laisenia Qarase,950,2000,2006,FJI,Q473214,fuzzy,
Senilagakali,950,2006,2007,FJI,Q1374014,fuzzy,
