qid,leader,iso3,country_name,start_year,end_year,entry,exit,family_in_govt_count,family_in_govt_binary,family_in_govt_details,places_named_count,places_named_binary,places_named_details,grandiose_titles_count,grandiose_titles_binary,grandiose_titles_details
Q11613,Truman,USA,USA,1945,1953,Regular,Regular,0,0,,28,1,Truman Doctrine; Harry S. Truman Presidential Library and Museum; USS Harry S. Truman; Truma; Harry S. Truman Federal Building; Truman Committee; Harry S. Truman High School; Harry S. Truman High School; Harry S. Truman Memorial Veterans' Hospital; Harry S. Truman National Historic Site; Truman College; Truman State University; Harry S. Truman Bridge; Harry S. Truman Historic District; Harry S. Truman High School; Harry S. Truman Scholarship; Harry S Truman State Park; H.S. Trumanstraat; White House Reconstruction; Truman-Reagan Medal of Freedom,0,0,
Q9916,Eisenhower,USA,USA,1953,1961,Regular,Regular,0,0,,79,1,"Mount Eisenhower; USS Dwight D. Eisenhower; Eisenhower Doctrine; Eisenhower dollar; Eisenhower Executive Office Building; Fort Gordon; Avenue Général Eisenhower - Generaal Eisenhowerlaan; Dwight D. Eisenhower Presidential Library, Museum and Boyhood Home; Azadi Avenue; Dwight D. Eisenhower High School; Eisenhower Fellowships; Eisenhower High School; Eisenhower High School; Eisenhower High School; Eisenhower High School; Eisenhower High School; Eisenhower High School; Eisenhower High School; Eisenhower Middle/High School; Eisenhower Middle School",1,1,Ike
Q9696,Kennedy,USA,USA,1961,1963,Regular,Irregular,0,0,,205,1,John F. Kennedy International Airport; Kennedy Space Center; John F. Kennedy School of Government; Profile in Courage Award; John F. Kennedy; Kennedy Bridge; USS John F. Kennedy; John F. Kennedy Special Warfare Center and School; Kennedybrug (Maastricht); JFK; Kennedy Expressway; Kennedy Bridge; Kennedytunnel; John F. Kennedy Center for the Performing Arts; Yad Kennedy; John F. Kennedy Arboretum; John F. Kennedy bridge; Kennedy Center Honors; Kennedyallee; Kennedybrücke,1,1,Jack
Q9640,Johnson,USA,USA,1963,1969,Regular,Regular,0,0,,23,1,Lyndon B. Johnson Space Center; Lyndon B. Johnson National Historical Park; Johnson Doctrine; Lake Lyndon B. Johnson; Lyndon Baines Johnson Library and Museum; LBJ Ranch; Interstate 635; USS Lyndon B. Johnson; Kampung LBJ; Lyndon B. Johnson High School; Lyndon B. Johnson High School; Lyndon B. Johnson High School; Lyndon B. Johnson State Park and Historic Site; Lyndon B. Johnson National Grassland; Lyndon B. Johnson School of Public Affairs; Johnson desk; Lyndon Baines Johnson Foundation; Lyndon Baines Johnson Building; Lyndon B. Johnson Boyhood Home; LBJ Statue,1,1,LBJ
Q9588,Nixon,USA,USA,1969,1974,Regular,Regular,0,0,,5,1,Richard Nixon mask; Milhouse Van Houten; Richard Nixon Presidential Library and Museum; Birthplace of Richard Nixon; Richard Nixon Foundation,1,1,Dick Nixon
Q9582,Ford,USA,USA,1974,1977,Regular,Regular,0,0,,6,1,Gerald J. Ford Stadium; USS Gerald R. Ford; Gerald R. Ford International Airport; Gerald R. Ford School of Public Policy; Ford House Office Building; NCAA Gerald R. Ford Award,0,0,
Q9960,Reagan,USA,USA,1981,1989,Regular,Regular,0,0,,27,1,USS Ronald Reagan; Reaganomics; Ronald Reagan Washington National Airport; Ronald Reagan Building and International Trade Center; Ronald Reagan Presidential Library; Ronald Reagan Ballistic Missile Defense Test Site; Ronald Reagan Freedom Award; UCLA Ronald Reagan Medical Center; Birthplace of Ronald Reagan; Mount Clay; Reagan Elementary School; Ronald Reagan High School; Ronald W. Reagan High School; Ronald W. Reagan/Doral High School; Ronald Wilson Reagan College Preparatory High School; Ronald Reagan Park; Ronald Reagan Street; Ronald Reagan Cross County Highway; Heterospilus reagani; Truman-Reagan Medal of Freedom,3,1,Dutch; The Great Communicator; The Gipper
Q1124,Clinton,USA,USA,1993,2001,Regular,Regular,0,0,,10,1,Clinton School of Public Service; Specially Designated Nationals and Blocked Persons List; William Jefferson Clinton Federal Building; Clinton Bush Haiti Fund; Clinton Plaza; Clintonism; Etheostoma clinton; Tapinothrix clintonii; Arianops clintoni; USS William J. Clinton,2,1,Slick Willie; The Comeback Kid
Q207,G.W. Bush,USA,USA,2001,2009,Regular,Regular,0,0,,7,1,George Walker Bush Highway; Agathidium bushi; Bushism; Bush Doctrine; George W. Bush Presidential Center; Clinton Bush Haiti Fund; USS George W. Bush,0,0,
Q128626,St. Laurent,CAN,CAN,1948,1957,Regular,Regular,0,0,,3,1,CCGS Louis S. St-Laurent; Louis S. St. Laurent National Historic Site; Mount Louis Saint Laurent,2,1,Monsieur le bâtonnier; King's Counsel
Q128614,Diefenbaker,CAN,CAN,1957,1963,Regular,Regular,0,0,,5,1,Lake Diefenbaker; Saskatoon John G. Diefenbaker International Airport; CCGS John G. Diefenbaker; Q6748903; John Diefenbaker Senior School,0,0,
Q128604,Pearson,CAN,CAN,1963,1968,Regular,Regular,0,0,,9,1,Toronto Pearson International Airport; Pearson Medal of Peace; Lester B. Pearson Collegiate Institute; Lester B. Pearson High School; Mount Lester Pearson; Lester B. Pearson Catholic High School; L.B. Pearsonstraat; Pearsonlaan; Lester B. Pearson Award,1,1,Mike
Q8619,Pierre Trudeau,CAN,CAN,1968,1979,Regular,Regular,0,0,,6,1,Montréal–Trudeau International Airport; Mount Pierre Elliott Trudeau; Pierre Elliott Trudeau High School; Trudeauism; Parc Pierre-Elliott-Trudeau; Parc Pierre Elliott Trudeau,0,0,
Q128574,Clark,CAN,CAN,1979,1980,Regular,Regular,0,0,,0,0,,2,1,Joe; King's Privy Council for Canada
Q8619,Pierre Trudeau,CAN,CAN,1980,1984,Regular,Regular,0,0,,6,1,Montréal–Trudeau International Airport; Mount Pierre Elliott Trudeau; Pierre Elliott Trudeau High School; Trudeauism; Parc Pierre-Elliott-Trudeau; Parc Pierre Elliott Trudeau,0,0,
Q128568,Turner,CAN,CAN,1984,1984,Regular,Regular,0,0,,0,0,,1,1,The Right Honourable
Q128563,Mulroney,CAN,CAN,1984,1993,Regular,Regular,0,0,,0,0,,1,1,The Right Honourable
Q317664,Ingraham,BHS,BHM,1992,2002,Regular,Regular,0,0,,0,0,,0,0,
Q11270,Batista,CUB,CUB,1952,1959,Irregular,Irregular,0,0,,0,0,,0,0,
Q707178,Magloire,HTI,HAI,1950,1956,Regular,Irregular,0,0,,0,0,,0,0,
Q470500,Namphy,HTI,HAI,1986,1988,Irregular,Regular,0,0,,0,0,,0,0,
Q470492,Manigat,HTI,HAI,1988,1988,Regular,Irregular,0,0,,0,0,,0,0,
Q470500,Namphy,HTI,HAI,1988,1988,Irregular,Irregular,0,0,,0,0,,0,0,
Q887593,Filiberto Bonnelly,DOM,DOM,1962,1963,Regular,Regular,0,0,,0,0,,0,0,
Q3187589,Bosch,DOM,DOM,1963,1963,Regular,Irregular,0,0,,0,0,,0,0,
Q562002,Blanco,DOM,DOM,1982,1986,Regular,Regular,0,0,,0,0,,0,0,
Q1240351,Sangster,JAM,JAM,1967,1967,Regular,Natural Death,0,0,,0,0,,0,0,
Q982324,Shearer,JAM,JAM,1967,1972,Regular,Regular,0,0,,0,0,,0,0,
Q365395,Manley,JAM,JAM,1972,1980,Regular,Regular,0,0,,0,0,,0,0,
Q365395,Manley,JAM,JAM,1989,1992,Regular,Retired Due to Ill Health,0,0,,0,0,,0,0,
Q1338879,Williams,TTO,TRI,1962,1981,Regular,Natural Death,0,0,,1,0,Ragatz–Williams decline theory,1,1,Trinity Cross
Q634551,Robinson,TTO,TRI,1986,1991,Regular,Regular,0,0,,1,0,A. N. R. Robinson International Airport,0,0,
Q365206,Manning,TTO,TRI,1991,1995,Regular,Regular,0,0,,0,0,,0,0,
Q1361644,Barrow,BRB,BAR,1966,1976,Regular,Regular,0,0,,0,0,,0,0,
Q1371769,St. John,BRB,BAR,1985,1986,Regular,Regular,0,0,,0,0,,0,0,
Q1361644,Barrow,BRB,BAR,1986,1987,Regular,Natural Death,0,0,,0,0,,0,0,
Q114622,Sandiford,BRB,BAR,1987,1994,Regular,Regular,0,0,,0,0,,1,1,Knight Bachelor
Q327920,Ruiz Cortines,MEX,MEX,1952,1958,Regular,Regular,0,0,,0,0,,0,0,
Q296691,de La Madrid,MEX,MEX,1982,1988,Regular,Regular,0,0,,0,0,,0,0,
Q315633,Salinas,MEX,MEX,1988,1994,Regular,Regular,0,0,,0,0,,0,0,
Q298149,Zedillo,MEX,MEX,1994,2000,Regular,Regular,0,0,,0,0,,0,0,
Q542559,Price,BLZ,BLZ,1961,1984,Regular,Regular,0,0,,0,0,,0,0,
Q951969,Esquivel,BLZ,BLZ,1984,1989,Regular,Regular,0,0,,0,0,,0,0,
Q542559,Price,BLZ,BLZ,1989,1993,Regular,Regular,0,0,,0,0,,0,0,
Q951969,Esquivel,BLZ,BLZ,1993,1998,Regular,Regular,0,0,,0,0,,0,0,
Q335215,Musa,BLZ,BLZ,1998,2008,Regular,Regular,0,0,,0,0,,0,0,
Q887617,Cerezo,GTM,GUA,1986,1991,Regular,Regular,0,0,,0,0,,0,0,
Q880056,Castro,HND,HON,1975,1978,Irregular,Irregular,0,0,,0,0,,0,0,
Q879219,Reina,HND,HON,1994,1998,Regular,Regular,0,0,,0,0,,0,0,
Q441393,Ricardo Maduro,HND,HON,2002,2006,Regular,Regular,0,0,,0,0,,0,0,
Q218443,Anastasio Somoza Debayle,NIC,NIC,1967,1979,Regular,Irregular,0,0,,0,0,,0,0,
Q57402,Daniel Ortega,NIC,NIC,1979,1990,Irregular,Regular,0,0,,0,0,,0,0,
Q114142,Violeta Chamorro,NIC,NIC,1990,1997,Regular,Regular,0,0,,0,0,,0,0,
Q887589,Orlich,CRI,COS,1962,1966,Regular,Regular,0,0,,0,0,,0,0,
Q318298,Carazo Odio,CRI,COS,1978,1982,Regular,Regular,0,0,,0,0,,0,0,
Q231946,Mireya Moscoso,PAN,PAN,1999,2004,Regular,Regular,0,0,,0,0,,0,0,
Q12002,Lleras Camargo,COL,COL,1945,1946,Regular,Regular,0,0,,1,0,Alberto Lleras Camargo Airport,0,0,
Q455692,Rojas Pinillia,COL,COL,1953,1957,Irregular,Irregular,0,0,,2,1,Gustavo Rojas Pinilla International Airport; Gustavo Rojas Pinilla de Tunja Airport,0,0,
Q12002,Lleras Camargo,COL,COL,1958,1962,Regular,Regular,0,0,,1,0,Alberto Lleras Camargo Airport,0,0,
Q540230,Lleras Restropo,COL,COL,1966,1970,Regular,Regular,0,0,,0,0,,0,0,
Q728833,Pastrana Borrero,COL,COL,1970,1974,Regular,Regular,0,0,,0,0,,0,0,
Q540192,Vargas,COL,COL,1986,1990,Regular,Regular,0,0,,0,0,,0,0,
Q888147,Delgado Chalbaud,VEN,VEN,1948,1950,Irregular,Irregular,0,0,,0,0,,0,0,
Q718250,Sanabria,VEN,VEN,1958,1959,Regular,Regular,0,0,,0,0,,0,0,
Q455661,Campins,VEN,VEN,1979,1984,Regular,Regular,0,0,,0,0,,0,0,
Q718256,Burnham,GUY,GUY,1966,1985,Regular,Natural Death,0,0,,0,0,,0,0,
Q887418,Hoyte,GUY,GUY,1985,1992,Regular,Regular,0,0,,0,0,,0,0,
Q724156,Jagan Cheddi,GUY,GUY,1992,1997,Regular,Natural Death,0,0,,0,0,,0,0,
Q57697,Samuel Hinds,GUY,GUY,1997,1997,Regular,Regular,0,0,,0,0,,0,0,
Q239709,Janet Jagan,GUY,GUY,1997,1999,Regular,Retired Due to Ill Health,0,0,,0,0,,0,0,
Q212760,Bharrat Jagdeo,GUY,GUY,1999,2011,Regular,Regular,0,0,,0,0,,0,0,
Q333129,Ferrier,SUR,SUR,1975,1980,Regular,Irregular,0,0,,0,0,,0,0,
Q434746,Arosemena Gomez,ECU,ECU,1966,1968,Regular,Regular,0,0,,0,0,,0,0,
Q743354,Borja Cevallos,ECU,ECU,1988,1992,Regular,Regular,0,0,,0,0,,0,0,
Q471248,Mahuad,ECU,ECU,1998,2000,Regular,Irregular,0,0,,0,0,,0,0,
Q116718,Ugarteche,PER,PER,1956,1962,Regular,Irregular,0,0,,0,0,,0,0,
Q311431,Velasco Alvarado,PER,PER,1968,1975,Irregular,Irregular,0,0,,0,0,,0,0,
Q296679,Dutra,BRA,BRA,1946,1951,Regular,Regular,0,0,,0,0,,0,0,
Q192361,Ranieri Mazzilli,BRA,BRA,1961,1961,Regular,Regular,0,0,,0,0,,0,0,
Q192361,Ranieri Mazzilli,BRA,BRA,1964,1964,Regular,Regular,0,0,,0,0,,0,0,
Q294241,Geisel,BRA,BRA,1974,1979,Regular,Regular,0,0,,0,0,,0,0,
Q236503,Mello,BRA,BRA,1990,1992,Regular,Regular,0,0,,0,0,,0,0,
Q485946,"Franco, Itamar",BRA,BRA,1992,1994,Regular,Regular,0,0,,0,0,,0,0,
Q230578,Cardoso,BRA,BRA,1995,2003,Regular,Regular,0,0,,0,0,,0,0,
Q886540,Siles Salinas,BOL,BOL,1969,1969,Regular,Irregular,0,0,,0,0,,0,0,
Q555207,Paz Zamora,BOL,BOL,1989,1993,Regular,Regular,0,0,,0,0,,0,0,
Q312668,Carlos Mesa,BOL,BOL,2003,2005,Regular,Regular,0,0,,0,0,,0,0,
Q628530,Frutos,PRY,PAR,1948,1948,Irregular,Regular,0,0,,0,0,,0,0,
Q152534,Stroessner,PRY,PAR,1954,1989,Irregular,Irregular,0,0,,1,0,Estadio Alfredo Stroessner,0,0,
Q576,Alessandri Rodriguez,CHL,CHL,1958,1964,Regular,Regular,0,0,,0,0,,0,0,
Q475,Frei Montalva,CHL,CHL,1964,1970,Regular,Regular,0,0,,1,0,Base Presidente Eduardo Frei Montalva,0,0,
Q440,Allende,CHL,CHL,1970,1973,Regular,Irregular,0,0,,102,1,Allendia; Salvador Allende Bridge; Salvador-Allende-Straße; Q2467779; Allende; place Salvador-Allende; Avenida Carlos III; Q9640273; President Allendelaan; S. Allendeplein; Salvador Allendestraat; Scuola primaria Salvador Allende di Garbagnate Milanese; Salvador Allende; Q56859631; Q57519510; Patinoire Salvador-Allende; Q63078961; Q66605061; Q66605079; Q66605083,0,0,
Q368,Pinochet,CHL,CHL,1973,1990,Irregular,Regular,0,0,,4,1,Carretera Austral; Pinochetism; Dufek Massif; Q51536284,0,0,
Q335,Aylwin,CHL,CHL,1990,1994,Regular,Regular,0,0,,1,0,Plaza Patricio Aylwin,0,0,
Q365431,Lonardi,ARG,ARG,1955,1955,Irregular,Irregular,0,0,,0,0,,0,0,
Q188974,Aramburu,ARG,ARG,1955,1958,Irregular,Regular,0,0,,0,0,,0,0,
Q346658,Frondizi,ARG,ARG,1958,1962,Regular,Irregular,0,0,,1,0,Presidente Arturo Frondizi Highway,0,0,
Q270368,Arturo Illia,ARG,ARG,1963,1966,Regular,Irregular,0,0,,0,0,,0,0,
Q313996,Viola,ARG,ARG,1981,1981,Regular,Retired Due to Ill Health,0,0,,0,0,,0,0,
Q124993,Galtieri,ARG,ARG,1981,1982,Irregular,Irregular,0,0,,0,0,,0,0,
Q298430,Bignone,ARG,ARG,1982,1983,Regular,Regular,0,0,,0,0,,0,0,
Q185107,Menem,ARG,ARG,1989,1999,Regular,Regular,0,0,,0,0,,0,0,
Q294578,Eduardo Duhalde,ARG,ARG,2002,2003,Regular,Regular,0,0,,0,0,,0,0,
Q367083,Pacheco Areco,URY,URU,1967,1972,Regular,Regular,0,0,,0,0,,0,0,
Q129006,Atlee,GBR,UKG,1945,1951,Regular,Regular,0,0,,1,0,Attlee Glacier,2,1,Earl Attlee; Viscount Prestwood
Q8016,Churchill,GBR,UKG,1951,1955,Regular,Regular,0,0,,96,1,Churchill College; Churchill; USS Winston S. Churchill; Churchill-laan; Churchillplein; Churchill Peninsula; Churchilllaan; avenue Winston-Churchill; International Churchill Society; HMS Churchill; Churchill Mountains; Churchillparken; Winston Churchill Bridge; Winston; Churchill Club; Churchill station; Churchill Square; Churchill Theatre; Churchill–Roosevelt Highway; SR Battle of Britain class 21C151 “Winston Churchill”,5,1,Sir; The Right Honourable; The Old Lion; The pug; Le vieux Lion
Q128995,Eden,GBR,UKG,1955,1957,Regular,Retired Due to Ill Health,0,0,,4,1,Q1283493; Anthony Eden hat; Eden Glacier; Anthony Edenstraat,3,1,The Right Honourable; Earl of Avon; Viscount Eden
Q128985,MacMillan,GBR,UKG,1957,1963,Regular,Regular,0,0,,1,0,Rosa 'Harold Macmillan',4,1,The Right Honourable; Earl of Stockton; Viscount Macmillan of Ovenden; Supermac
Q128956,Wilson,GBR,UKG,1964,1970,Regular,Regular,0,0,,0,0,,2,1,Baron Wilson; The Right Honourable
Q128967,Heath,GBR,UKG,1970,1974,Regular,Regular,0,0,,0,0,,1,1,The Right Honourable
Q128956,Wilson,GBR,UKG,1974,1976,Regular,Regular,0,0,,0,0,,2,1,Baron Wilson; The Right Honourable
Q9576,Callaghan,GBR,UKG,1976,1979,Regular,Regular,0,0,,1,0,Callaghan Square,1,1,baron
Q7416,Thatcher,GBR,UKG,1979,1990,Regular,Regular,0,0,,7,1,"Thatcherism; Thatcher effect; Blatcherism; Plaza Margaret Thatcher, Madrid; Margaret Thatcher Foundation; Thatcher's Techbase; Tatxers",2,1,The Right Honourable; baron
Q9559,Major,GBR,UKG,1990,1997,Regular,Regular,0,0,,0,0,,1,1,The Right Honourable
Q9545,Blair,GBR,UKG,1997,2007,Regular,Regular,0,0,,4,1,Blairism; Blatcherism; Tonibler; Tony Blair Institute,1,1,The Right Honourable
Q381690,Costello,IRL,IRE,1948,1951,Regular,Regular,0,0,,0,0,,0,0,
Q381690,Costello,IRL,IRE,1954,1957,Regular,Regular,0,0,,0,0,,0,0,
Q381681,Lynch,IRL,IRE,1966,1973,Regular,Regular,0,0,,1,0,Jack Lynch Tunnel,0,0,
Q381681,Lynch,IRL,IRE,1977,1979,Regular,Regular,0,0,,1,0,Jack Lynch Tunnel,0,0,
Q333735,Haughey,IRL,IRE,1979,1981,Regular,Regular,0,0,,0,0,,0,0,
Q1425313,Fitzgerald,IRL,IRE,1981,1982,Regular,Regular,0,0,,0,0,,0,0,
Q333735,Haughey,IRL,IRE,1982,1982,Regular,Regular,0,0,,0,0,,0,0,
Q1425313,Fitzgerald,IRL,IRE,1982,1987,Regular,Regular,0,0,,0,0,,0,0,
Q333735,Haughey,IRL,IRE,1987,1992,Regular,Regular,0,0,,0,0,,0,0,
Q735519,Beel,NLD,NTH,1946,1948,Regular,Regular,0,0,,1,0,L.J.M. Beelstraat,0,0,
Q12769,Drees,NLD,NTH,1948,1958,Regular,Regular,0,0,,9,1,Doctor Dreesflat; Dr. Willem Dreesstraat; Doctor Willem Dreesstraat; Doctor Willem Dreesstraat; Dr. Willem Dreesstraat; Dreesstraat; W. Dreesstraat; Willem Dreeslaan; Willem Dreesplantsoen,0,0,
Q735519,Beel,NLD,NTH,1958,1959,Regular,Regular,0,0,,1,0,L.J.M. Beelstraat,0,0,
Q781813,de Quay,NLD,NTH,1959,1963,Regular,Regular,0,0,,2,1,de Quaylaan; Jan de Quaystraat,0,0,
Q719701,Marijnen,NLD,NTH,1963,1965,Regular,Regular,0,0,,0,0,,0,0,
Q736026,Cals,NLD,NTH,1965,1966,Regular,Regular,0,0,,0,0,,0,0,
Q380970,Zijlstra,NLD,NTH,1966,1967,Regular,Regular,0,0,,0,0,,0,0,
Q345481,De Jong,NLD,NTH,1967,1971,Regular,Regular,0,0,,0,0,,2,1,Pietje; Hare Majesteits eigen tuinkabouter
Q471204,Biesheuvel,NLD,NTH,1971,1973,Regular,Regular,0,0,,1,0,Staatscommissie-Biesheuvel,0,0,
Q318320,den Uyl,NLD,NTH,1973,1977,Regular,Regular,0,0,,7,1,Q13571862; Dr. J.M. den Uylbrug; Dr Joop den Uylstraat; J.M. den Uylstraat; J.M. den Uylstraat; Joop den Uyl Plantsoen; Joop den Uylstraat,0,0,
Q318334,van Agt,NLD,NTH,1977,1982,Regular,Regular,0,0,,0,0,,0,0,
Q159840,Lubbers,NLD,NTH,1982,1994,Regular,Regular,0,0,,0,0,,0,0,
Q221411,Kok,NLD,NTH,1994,2002,Regular,Regular,0,0,,1,0,Q3203635,0,0,
Q133386,Jan Peter Balkenende,NLD,NTH,2002,2010,Regular,Regular,0,0,,1,0,Q3041446,0,0,
Q313809,Martens,BEL,BEL,1979,1981,Regular,Regular,0,0,,0,0,,0,0,
Q349477,"Eyskens, M.",BEL,BEL,1981,1981,Regular,Regular,0,0,,0,0,,0,0,
Q313809,Martens,BEL,BEL,1981,1992,Regular,Regular,0,0,,0,0,,0,0,
Q945927,Dupong,LUX,LUX,1945,1953,Regular,Natural Death,0,0,,0,0,,0,0,
Q315685,Bech,LUX,LUX,1953,1958,Regular,Regular,0,0,,3,1,Joseph Bechlaan; Pont Joseph-Bech; Q134417903,1,1,Excellency
Q706106,Frieden,LUX,LUX,1958,1959,Regular,Natural Death,0,0,,1,0,Boulevard Pierre-Frieden (Kirchberg),0,0,
Q315661,Werner,LUX,LUX,1959,1974,Regular,Regular,0,0,,4,1,Werner Plan; Institut Pierre Werner; Q13104663; Centre administratif Pierre Werner,0,0,
Q295128,Thorn G.,LUX,LUX,1974,1979,Regular,Regular,0,0,,0,0,,0,0,
Q315661,Werner,LUX,LUX,1979,1984,Regular,Regular,0,0,,4,1,Werner Plan; Institut Pierre Werner; Q13104663; Centre administratif Pierre Werner,0,0,
Q39659,Santer,LUX,LUX,1984,1995,Regular,Regular,0,0,,1,0,rue Jacques Santer,0,0,
Q312026,Bidault,FRA,FRN,1946,1946,Regular,Regular,0,0,,0,0,,0,0,
Q328235,Ramadier,FRA,FRN,1947,1947,Regular,Regular,0,0,,1,0,Q119895604,0,0,
Q15981,Schuman,FRA,FRN,1947,1948,Regular,Regular,0,0,,101,1,Schuman Declaration; Brussels-Schuman Station; Robert Schuman Prize; Schuman-Josaphat tunnel; Robert Schuman Gymnasium; Robert Schuman Roundabout; Robert-Schuman-Platz; Schuman tunnel; avenue Robert-Schuman; Schuman Bridge; Robert Schuman Square; Robert Schuman University; Robert Schuman Medal; Aleja Roberta Schumana; Radom Academy of Social and Technical Sciences; Robert Schuman Lyceum; Polska Fundacja im. Roberta Schumana; Professional Hichschool of Economics; Q13104668; Robert-Schuman Monument,1,1,Venerable
Q15981,Schuman,FRA,FRN,1948,1948,Regular,Regular,0,0,,101,1,Schuman Declaration; Brussels-Schuman Station; Robert Schuman Prize; Schuman-Josaphat tunnel; Robert Schuman Gymnasium; Robert Schuman Roundabout; Robert-Schuman-Platz; Schuman tunnel; avenue Robert-Schuman; Schuman Bridge; Robert Schuman Square; Robert Schuman University; Robert Schuman Medal; Aleja Roberta Schumana; Radom Academy of Social and Technical Sciences; Robert Schuman Lyceum; Polska Fundacja im. Roberta Schumana; Professional Hichschool of Economics; Q13104668; Robert-Schuman Monument,1,1,Venerable
Q455655,Queuille,FRA,FRN,1948,1949,Regular,Regular,0,0,,0,0,,0,0,
Q312026,Bidault,FRA,FRN,1949,1950,Regular,Regular,0,0,,0,0,,0,0,
Q455655,Queuille,FRA,FRN,1950,1950,Regular,Regular,0,0,,0,0,,0,0,
Q455655,Queuille,FRA,FRN,1951,1951,Regular,Regular,0,0,,0,0,,0,0,
Q327013,Faure,FRA,FRN,1952,1952,Regular,Regular,0,0,,3,1,Edgar Faure Award; rue Edgar-Faure; Q125783676,0,0,
Q356724,Pinay,FRA,FRN,1952,1952,Regular,Regular,0,0,,0,0,,0,0,
Q328240,Laniel,FRA,FRN,1953,1954,Regular,Regular,0,0,,0,0,,0,0,
Q327013,Faure,FRA,FRN,1955,1956,Regular,Regular,0,0,,3,1,Edgar Faure Award; rue Edgar-Faure; Q125783676,0,0,
Q314006,Mollet,FRA,FRN,1956,1957,Regular,Regular,0,0,,3,1,Q119932197; Q125787807; Q125840531,0,0,
Q328504,Pflimin,FRA,FRN,1958,1958,Regular,Regular,0,0,,6,1,Pierre Pflimlin Bridge; Q112032182; Q119646236; Q119908281; Q119908739; Pierre Pflimlin Building,0,0,
Q2042,De Gaulle,FRA,FRN,1958,1969,Regular,Regular,0,0,,346,1,esplanade de la Défense; Place du Général de Gaulle; Avenue Charles-de-Gaulle; Boulevard Charles-de-Gaulle; Avenue du Général-de-Gaulle; Avenue du Général-de-Gaulle; boulevard Charles-de-Gaulle; place du Général de Gaulle; Rue du Général-de-Gaulle; Boulevard du Général-de-Gaulle; Général de Gaulle - Alouette; Avenue du Général-de-Gaulle; Place du Général-de-Gaulle; Place du Général-de-Gaulle; Q91608071; Lycée Charles-de-Gaulle; Q93491065; Q94863046; Avenue du Général-de-Gaulle; Q97144973,0,0,
Q12950,Poher,FRA,FRN,1969,1969,Regular,Regular,0,0,,1,0,Q27797594,0,0,
Q2185,Pompidou,FRA,FRN,1969,1974,Regular,Natural Death,0,0,,73,1,Centre Georges Pompidou; Centre Pompidou-Metz; Georges Pompidou European Hospital; Q3269143; place Georges-Pompidou; Stade Georges Pompidou; Voie Georges-Pompidou; The Co-operation Group to Combat Drug Abuse and Illicit Trafficking in Drugs; Bibliothèque Georges-Pompidou; Centre Pompidou Málaga; Institut Georges Pompidou; boulevard Georges-Pompidou; Lycée Français International Georges Pompidou; Boulevard Georges Pompidou; avenue Georges-Pompidou; Q27797259; Q27797604; Q27813884; chaussée Georges Pompidou; Q27836050,0,0,
Q12950,Poher,FRA,FRN,1974,1974,Regular,Regular,0,0,,1,0,Q27797594,0,0,
Q2105,Chirac,FRA,FRN,1995,2007,Regular,Regular,0,0,,21,1,Musée du quai Branly; Fondation Chirac; Musée du Président Jacques Chirac; prix pour la prévention des conflits de la Fondation Chirac; Médiathèque de l'agglomération troyenne; Q68803335; Q87795099; Q105736172; Quai Jacques-Chirac; Jacques Chirac Esplanade; Q107353001; place Jacques Chirac; Boulevard Jacques-Chirac; rue Jacques Chirac; Esplanade Jacques Chirac; parvis Jacques Chirac; esplanade Jacques Chirac; Q119911142; avenue Jacques Chirac; avenue Jacques-Chirac,1,1,bison égocentrique
Q310870,Caetano,PRT,POR,1968,1974,Regular,Irregular,0,0,,1,0,Samora Machel Bridge,0,0,
Q2492,Adenauer,DEU,GFR,1949,1963,Regular,Regular,0,0,,93,1,Cologne Bonn Airport; Konrad Adenauer Foundation; Q355856; Adenauer-de Gaulle Prize; Adenauer era; Adenauerallee; Adenauerplatz; Adenauervilla; Literaturpreis der Konrad-Adenauer-Stiftung; Konrad Adenauer Award; Q1285134; Konrad-Adenauer-Brücke; Konrad-Adenauer-Haus; Konrad-Adenauer-Brücke; Konrad-Adenauer-Brücke; Stiftung Bundeskanzler-Adenauer-Haus; Konrad-Adenauer-Brücke; Konrad Adenauer Bridge; Konrad-Adenauer-Brücke; Konrad-Adenauer-Gymnasium,1,1,Der Alte
Q2496,Erhard,DEU,GFR,1963,1966,Regular,Regular,0,0,,29,1,"Q1421477; Fürther Ludwig Erhard Award; Ludwig Erhard Vocational College; Ludwig Erhard School, Pforzheim; Ludwig-Erhard-Stiftung; Ludwig-Erhard-Allee; Ludwig-Erhard-Ufer; Ludwig-Erhard-Platz; Ludwig-Erhard-Straße; Ludwig-Erhard-Ring; Ludwig-Erhard-Anlage; Ludwig-Erhard-Straße; Ludwig-Erhard-Allee; Ludwig Erhard School, Mosbach; Ludwig Erhard Prize for Publications in Economics; Q126218733; Ludwig Erhard Vocational College, Paderborn; Ludwig Erhard Vocational College, Münster; Regional Vocational Training Centre for Economics, Kiel; Ludwig Erhard School, Schweinfurt",0,0,
Q2512,Kiesinger,DEU,GFR,1966,1969,Regular,Regular,0,0,,2,1,Kurt-Georg-Kiesinger-Allee; Q114943639,0,0,
Q2514,Brandt,DEU,GFR,1969,1974,Regular,Regular,0,0,,66,1,Berlin Brandenburg Airport; Willy Brandts Park; Willy-Brandt-Haus; Federal Chancellor Willy Brandt Foundation; Willy Brandt Prize; Willy-Brandt-Platz; Willy-Brandt-Platz; Q1325888; Willy-Brandt-school; Willy Brandt House; Willy Brandt Medaille; Willy-Brandt-Platz; Willy-Brandt-Platz; Willy-Brandt-Platz; Willy-Brandt-Schule; Willy Brandt Center Jerusalem; Pont Willy-Brandt; square de Berlin; Brandt Report; Willy Brandt Square,0,0,
Q2516,Schmidt,DEU,GFR,1974,1982,Regular,Regular,0,0,,9,1,Hamburg Airport; Helmut Schmidt University; Q1603320; Helmut Schmidt Prize for German-American Economic History; Rosa 'Helmut Schmidt'; Federal Chancellor Helmut Schmidt Foundation; Helmut-Schmidt-Platz; Helmut-Schmidt-Zukunftspreis; Helmut Schmidt School,1,1,Schmidt Schnauze
Q2518,Kohl,DEU,GFR,1982,1998,Regular,Regular,0,0,,0,0,,2,1,Bimbeskanzler; Kanzler der Einheit
Q65917,Wilhelm Pieck,DEU,GDR,1946,1950,Irregular,Regular,0,0,,52,1,Greif; Torstraße; Kulturhaus Wilhelm Pieck; Waldbühne Schwarzenberg; Pieck Range; Gymnázium Christiana Dopplera; Kulturpalast Bitterfeld; Kulturhaus Wilhelm Pieck; Wilhelm-Pieck-Straße; Wilhelm-Pieck-Straße; Wilhelm-Pieck-Straße; Kulturhaus Dorndorf; Wilhelm-Pieck-Straße; Wilhelm-Pieck-Straße; Wilhelm-Pieck-Straße; Wilhelm-Pieck-Straße; Wilhelm-Pieck-Straße; Wilhelm-Pieck-Straße; Wilhelm-Pieck-Straße; Wilhelm-Pieck-Straße,0,0,
Q2628,Ulbricht,DEU,GDR,1950,1971,Regular,Regular,0,0,,4,1,Ulbricht Group; Stadion der Weltjugend; Ulbricht Doctrine; Q131407104,0,0,
Q2607,Honecker,DEU,GDR,1971,1989,Regular,Regular,0,0,,1,0,Q123374765,0,0,
Q2602,Krenz,DEU,GDR,1989,1989,Regular,Regular,0,0,,0,0,,0,0,
Q545740,Ochab,POL,POL,1956,1956,Regular,Regular,0,0,,0,0,,0,0,
Q312185,Gierek,POL,POL,1970,1980,Regular,Natural Death,0,0,,1,0,Gierkówka,0,0,
Q55834,Jaruzelski,POL,POL,1981,1990,Regular,Regular,0,0,,0,0,,0,0,
Q11726,Renner,AUT,AUS,1945,1945,Irregular,Regular,0,0,,9,1,Dr.-Karl-Renner-Hof; Dr.-Karl-Renner journalism award; Doktor-Karl-Renner-Institut; Karl Renner Prize; Dr.-Karl-Renner-Ring; Villa Renner Gloggnitz; Gloggnitz Dr.-Karl-Renner-Brücke; Q112260670; Karl-Renner-Straße,0,0,
Q29008,Gorbach,AUT,AUS,1961,1964,Regular,Regular,0,0,,1,0,Gorbachplatz,0,0,
Q241131,Klaus,AUT,AUS,1964,1970,Regular,Regular,0,0,,0,0,,0,0,
Q44517,Kreisky,AUT,AUS,1970,1983,Regular,Regular,0,0,,7,1,Bruno Kreisky Award for Services to Human Rights; Bruno-Kreisky-Park; Bruno Kreisky Prize for the Political Book; Bruno Kreisky Forum for International Dialogue; Kreisky–Peter–Wiesenthal affair; Bruno-Kreisky-Gasse; Kreiskystraße,0,0,
Q158123,Vranitzky,AUT,AUS,1986,1997,Regular,Regular,0,0,,0,0,,0,0,
Q78538,Klima,AUT,AUS,1997,2000,Regular,Regular,0,0,,0,0,,0,0,
Q177917,Nagy,HUN,HUN,1956,1956,Irregular,Foreign,0,0,,2,1,Nagy Imre Order of Merit; Nagy Imre commemorative plaquette,0,0,
Q155684,Horn,HUN,HUN,1994,1998,Regular,Regular,0,0,,1,0,Q117286360,0,0,
Q296054,Gottwald,CZE,CZE,1948,1953,Regular,Natural Death,0,0,,9,1,Berliner Allee; Order of Klement Gottwald; Klement Gottwald State Prize; Vojenská politická akademie Klementa Gottwalda; Q30235632; Klementa Gotwalda street; GDM Kladno; Q108898458; Bridge of Jan Palach,0,0,
Q241131,Klaus,CZE,CZR,1993,1997,Regular,Regular,0,0,,0,0,,0,0,
Q348896,Stanislav Gross,CZE,CZR,2004,2005,Regular,Regular,0,0,,0,0,,0,0,
Q471315,Parri,ITA,ITA,1945,1945,Regular,Regular,0,0,,5,1,Ferruccio Parri National Institute; Biblioteca comunale Ferruccio Parri; Q114564208; Tomb of Ferruccio Parri; Via Ferruccio Parri,0,0,
Q153832,de Gasperi,ITA,ITA,1945,1953,Regular,Regular,0,0,,23,1,"Alcide de Gasperi Building; De Gasperistraat; De Gasperistraat; Scuola primaria Alcide De Gasperi di Villa Estense; Scuola primaria Alcide De Gasperi di Pedara; Scuola primaria Alcide De Gasperi di Putignano; Scuola primaria Alcide De Gasperi di Abetone Cutigliano; Scuola primaria Alcide De Gasperi di San Vito Romano; Alcide De Gasperi School; Scuola primaria Alcide De Gasperi di Agnosine; Scuola primaria Alcide De Gasperi di San Pietro Vernotico; Scuola primaria Alcide De Gasperi di Piacenza; Scuola primaria Alcide De Gasperi di Roma; De Gasperilaan, Woerden; Fondazione Trentina Alcide De Gasperi; Piazza De Gasperi; Biblioteca Comunale Alcide De Gasperi; Biblioteca comunale ""Alcide De Gasperi"" di Cellatica; Fondazione Alcide De Gasperi; Q132301634",1,1,Servant of God
Q320963,Pella,ITA,ITA,1953,1954,Regular,Regular,0,0,,0,0,,0,0,
Q273228,Fanfani,ITA,ITA,1954,1954,Regular,Regular,0,0,,0,0,,0,0,
Q367342,Scelba,ITA,ITA,1954,1955,Regular,Regular,0,0,,1,0,Legge Scelba,0,0,
Q1240,Segni,ITA,ITA,1955,1957,Regular,Regular,0,0,,4,1,"Giardino Alpino ""Antonio Segni""; Antonio Segni Ozieri; Fondazione Antonio Segni, Sassari (SS); Biblioteca Comunale Antonio Segni",0,0,
Q366104,Zoli,ITA,ITA,1957,1958,Regular,Regular,0,0,,1,0,Adone Zoli primary school,0,0,
Q273228,Fanfani,ITA,ITA,1958,1959,Regular,Regular,0,0,,0,0,,0,0,
Q1240,Segni,ITA,ITA,1959,1960,Regular,Regular,0,0,,4,1,"Giardino Alpino ""Antonio Segni""; Antonio Segni Ozieri; Fondazione Antonio Segni, Sassari (SS); Biblioteca Comunale Antonio Segni",0,0,
Q314004,Tambroni,ITA,ITA,1960,1960,Regular,Regular,0,0,,0,0,,0,0,
Q273228,Fanfani,ITA,ITA,1960,1963,Regular,Regular,0,0,,0,0,,0,0,
Q1235,Leone,ITA,ITA,1963,1963,Regular,Regular,0,0,,1,0,Q108348207,0,0,
Q171834,Moro,ITA,ITA,1963,1968,Regular,Regular,0,0,,0,0,,0,0,
Q1235,Leone,ITA,ITA,1968,1968,Regular,Regular,0,0,,1,0,Q108348207,0,0,
Q316288,Rumor,ITA,ITA,1968,1970,Regular,Regular,0,0,,0,0,,0,0,
Q312058,Colombo,ITA,ITA,1970,1972,Regular,Regular,0,0,,0,0,,0,0,
Q50005,Andreotti,ITA,ITA,1972,1973,Regular,Regular,0,0,,0,0,,0,0,
Q316288,Rumor,ITA,ITA,1973,1974,Regular,Regular,0,0,,0,0,,0,0,
Q171834,Moro,ITA,ITA,1974,1976,Regular,Regular,0,0,,0,0,,0,0,
Q50005,Andreotti,ITA,ITA,1976,1979,Regular,Regular,0,0,,0,0,,0,0,
Q1230,Cossiga,ITA,ITA,1979,1980,Regular,Regular,0,0,,1,0,Q3889099,0,0,
Q434786,Forlani,ITA,ITA,1980,1981,Regular,Regular,0,0,,0,0,,0,0,
Q332709,Spadolini,ITA,ITA,1981,1982,Regular,Regular,0,0,,2,1,Fondazione Spadolini Nuova Antologia; Grave of Giovanni Spadolini,0,0,
Q273228,Fanfani,ITA,ITA,1982,1983,Regular,Regular,0,0,,0,0,,0,0,
Q192818,Craxi,ITA,ITA,1983,1987,Regular,Regular,0,0,,2,1,"Craxism; Biblioteca Comunale del ""600 ""B. Craxi""",1,1,Bettino
Q273228,Fanfani,ITA,ITA,1987,1987,Regular,Regular,0,0,,0,0,,0,0,
Q336259,Goria,ITA,ITA,1987,1988,Regular,Regular,0,0,,0,0,,0,0,
Q50005,Andreotti,ITA,ITA,1989,1992,Regular,Regular,0,0,,0,0,,0,0,
Q202209,Amato,ITA,ITA,1992,1993,Regular,Regular,0,0,,0,0,,0,0,
Q1224,Ciampi,ITA,ITA,1993,1994,Regular,Regular,0,0,,0,0,,0,0,
Q11860,Berlusconi,ITA,ITA,1994,1995,Regular,Regular,0,0,,6,1,"Milan–Malpensa ""Silvio Berlusconi"" Airport; Berlusconism; Coalición de centroderecha en las elecciones políticas italianas de 2018 para el distrito de Exteriores; Pizza Poro; Centro Sportivo Silvio e Luigi Berlusconi; Q120936487",1,1,Il Cavaliere
Q208100,Dini,ITA,ITA,1995,1996,Regular,Regular,0,0,,0,0,,0,0,
Q38484,Prodi,ITA,ITA,1996,1998,Regular,Regular,0,0,,1,0,Q3709994,0,0,
Q202209,Amato,ITA,ITA,2000,2001,Regular,Regular,0,0,,0,0,,0,0,
Q11860,Berlusconi,ITA,ITA,2001,2006,Regular,Regular,0,0,,6,1,"Milan–Malpensa ""Silvio Berlusconi"" Airport; Berlusconism; Coalición de centroderecha en las elecciones políticas italianas de 2018 para el distrito de Exteriores; Pizza Poro; Centro Sportivo Silvio e Luigi Berlusconi; Q120936487",1,1,Il Cavaliere
Q167307,Mintoff,MLT,MLT,1971,1984,Regular,Regular,0,0,,1,0,Q135391595,0,0,
Q152511,Adami,MLT,MLT,1987,1996,Regular,Regular,0,0,,0,0,,0,0,
Q152511,Adami,MLT,MLT,1998,2004,Regular,Regular,0,0,,0,0,,0,0,
Q156833,Alia,ALB,ALB,1985,1992,Regular,Regular,0,0,,0,0,,0,0,
Q57625,Berisha,ALB,ALB,1992,1997,Regular,Regular,0,0,,0,0,,0,0,
Q311596,Fatos Nano,ALB,ALB,1997,1998,Regular,Regular,0,0,,0,0,,0,0,
Q381214,Majko,ALB,ALB,1998,1999,Regular,Regular,0,0,,0,0,,0,0,
Q381214,Majko,ALB,ALB,2002,2002,Regular,Regular,0,0,,0,0,,0,0,
Q311596,Fatos Nano,ALB,ALB,2002,2005,Regular,Regular,0,0,,0,0,,0,0,
Q9161,Tito,SRB,YUG,1945,1980,Irregular,Natural Death,0,0,,29,1,"Podgorica; Josip Broz Tito High School of Skopje; Q140708; Titoism; Josip Broz Tito Square; Avenida Marechal Tito; Marshal Tito street; Tito Square; Titova street; Q12909034; Q12909126; Q12909130; Q12909204; Josip Broz Tito High School Building, Bitola; Slovenska cesta; Q20524687; Q20567883; Q20567892; Titova cesta (Maribor); Tito Bridge (Maribor)",0,0,
Q434177,Bajuk,SVN,SLV,2000,2000,Regular,Regular,0,0,,0,0,,0,0,
Q464922,Anton Rop,SVN,SLV,2002,2004,Regular,Regular,0,0,,0,0,,0,0,
Q449445,Plastiras,GRC,GRC,1945,1945,Regular,Regular,0,0,,1,0,Plastiras Dam,0,0,
Q1258656,Voulgaris,GRC,GRC,1945,1945,Regular,Regular,0,0,,0,0,,0,0,
Q589978,Diomidis,GRC,GRC,1949,1950,Regular,Regular,0,0,,1,0,Julia and Alexander Ν. Diomedes Botanic Garden,0,0,
Q449445,Plastiras,GRC,GRC,1950,1950,Regular,Regular,0,0,,1,0,Plastiras Dam,0,0,
Q449445,Plastiras,GRC,GRC,1951,1952,Regular,Retired Due to Ill Health,0,0,,1,0,Plastiras Dam,0,0,
Q707209,Kiousopoulos,GRC,GRC,1952,1952,Regular,Regular,0,0,,0,0,,0,0,
Q181606,Mavromichalis,GRC,GRC,1963,1963,Regular,Regular,0,0,,0,0,,0,0,
Q156505,Papadopoulos,GRC,GRC,1967,1973,Irregular,Irregular,0,0,,0,0,,0,0,
Q219256,A. Papandreou,GRC,GRC,1981,1989,Regular,Regular,0,0,,2,1,"Andreas Papandreou General Hospital of Pyrgos; General Hospital of Rhodes ""Andreas Papandreou""",0,0,
Q318009,Zolotas,GRC,GRC,1989,1990,Regular,Regular,0,0,,0,0,,0,0,
Q219256,A. Papandreou,GRC,GRC,1993,1995,Regular,Retired Due to Ill Health,0,0,,2,1,"Andreas Papandreou General Hospital of Pyrgos; General Hospital of Rhodes ""Andreas Papandreou""",0,0,
Q153509,Makarios,CYP,CYP,1960,1974,Regular,Irregular,0,0,,6,1,Makario Stadium; Order of Makarios III; Orthodox Patriarchal Ecclesiastical School of Makarios III; Makarios; Odos Ethnarhou Makariou; Makariou Avenue,0,0,
Q153509,Makarios,CYP,CYP,1974,1977,Regular,Natural Death,0,0,,6,1,Makario Stadium; Order of Makarios III; Orthodox Patriarchal Ecclesiastical School of Makarios III; Makarios; Odos Ethnarhou Makariou; Makariou Avenue,0,0,
Q552389,Kyprianou,CYP,CYP,1977,1988,Regular,Regular,0,0,,0,0,,0,0,
Q28517,Zhivkov,BGR,BUL,1956,1989,Regular,Regular,0,0,,0,0,,1,1,Tato
Q81144,Mladenov,BGR,BUL,1989,1990,Regular,Regular,0,0,,0,0,,0,0,
Q271473,Indzhova,BGR,BUL,1994,1995,Regular,Regular,0,0,,0,0,,0,0,
Q355874,Lucinschi,MDA,MLD,1997,2001,Regular,Regular,0,0,,0,0,,0,0,
Q127442,Chernenko,RUS,RUS,1984,1985,Regular,Natural Death,0,0,,1,0,Șoldănești,0,0,
Q30487,Gorbachev,RUS,RUS,1985,1991,Regular,Irregular,0,0,,2,1,Maxillaria gorbatschowii; Gorbiscape gorbachevi,1,1,Gorby
Q34453,Yeltsin,RUS,RUS,1991,1999,Regular,Regular,0,0,,0,0,,0,0,
Q7747,Putin,RUS,RUS,2000,2015,Regular,Still in Office,0,0,,17,1,Putinism; Vladimir Putin Peak; We Don't Wanna Put In; Vladimira Putina Avenue; putinisms; Putin's rynda; Putin khuylo!; Putinland; PutinTeam; Putinversteher; Hvaldimir; Q85859761; Putinology; Q112632619; Putinflation; Weapons to Ukraine; Q137886682,0,0,
Q307473,Laar,EST,EST,1992,1994,Regular,Regular,0,0,,0,0,,0,0,
Q307473,Laar,EST,EST,1999,2002,Regular,Regular,0,0,,0,0,,0,0,
Q210822,Godmanis,LVA,LAT,1990,1993,Regular,Regular,0,0,,0,0,,0,0,
Q153167,Adamkus,LTU,LIT,1998,2003,Regular,Regular,0,0,,0,0,,0,0,
Q296956,Paksas,LTU,LIT,2003,2004,Regular,Regular,0,0,,0,0,,0,0,
Q189732,Kravchuk,UKR,UKR,1990,1994,Regular,Regular,0,0,,1,0,kravchuchka,1,1,Хитрый Лис
Q629702,Kuchma,UKR,UKR,1994,2005,Regular,Regular,0,0,,0,0,,0,0,
Q2866,Lukashenko,BLR,BLR,1994,2015,Regular,Still in Office,0,0,,1,0,Łukašenka regime,1,1,Бацька
Q613051,Kocharian,ARM,ARM,1998,2008,Regular,Regular,0,0,,0,0,,0,0,
Q218435,Gamsakhurdia,GEO,GRG,1991,1992,Regular,Irregular,0,0,,0,0,,0,0,
Q151929,Shevardnadze,GEO,GRG,1992,2003,Regular,Irregular,0,0,,0,0,,0,0,
Q229493,Burdjanadze,GEO,GRG,2003,2004,Regular,Regular,0,0,,0,0,,0,0,
Q43330,Saakashvili,GEO,GRG,2004,2007,Regular,Irregular,0,0,,0,0,,0,0,
Q157451,H. Aliyev,AZE,AZE,1993,2003,Regular,Retired Due to Ill Health,0,0,,18,1,"Heydar Aliyev Cultural Center; Baku–Tbilisi–Ceyhan pipeline; Heydar Aliyev International Airport; Azerbaijan Higher Military Academy; Heydarabad; Heydar Aliyev Palace; Heydar Aliyev Sports and Exhibition Complex; Heydar Aliyev Order; Academy of the Ministry of National Security; Heydar Aliyev Mükafatı; Heydar Mosque; Heydar Aliyev Avenue; Heydar Aliyev Baku Oil Refinery; Heydar Aliyev Right Embankment; Heydar Aliyev Military Lyceum; Q115727528; Q117526794; Jubilee medal ""100 years of Heydar Aliyev (1923-2023)"".",0,0,
Q57371,Ilhma Aliyev,AZE,AZE,2003,2015,Regular,Still in Office,0,0,,0,0,,0,0,
Q202171,Paasikivi,FIN,FIN,1946,1956,Regular,Regular,0,0,,4,1,Paasikivi–Kekkonen doctrine; Paasikivi Institute; Paasikivenkatu; Paasikiven–Kekkosentie,0,0,
Q179858,Kekkonen,FIN,FIN,1956,1981,Regular,Retired Due to Ill Health,0,0,,9,1,Urho Kekkonen National Park; Paasikivi–Kekkonen doctrine; UKK Trail; Urho Kekkosen katu; UKK Institute; Urho; Q11868565; Kekkostiet; Paasikiven–Kekkosentie,0,0,
Q29021,Koivisto,FIN,FIN,1981,1994,Regular,Regular,0,0,,1,0,Koivisto,0,0,
Q29230,Marthi Ahtisaari,FIN,FIN,1994,2000,Regular,Regular,0,0,,5,1,CMI – Martti Ahtisaari Peace Foundation; Martti Ahtisaari School; Martti Ahtisaari Institute of Global Business and Economics; Martti Ahtisaari Square; Ahtisaari Square,0,0,
Q29213,Halonen,FIN,FIN,2000,2012,Regular,Regular,0,0,,2,1,Tarja Halonen Park; Rosa ‘Tarja Halonen’,0,0,
Q53707,Erlander,SWE,SWD,1946,1969,Regular,Regular,0,0,,4,1,Erlandergården; Erlanderhuset; Tage Erlanders hedersmedalj; Erland,0,0,
Q53713,Palme,SWE,SWD,1969,1976,Regular,Regular,0,0,,51,1,Olof-Palme-Platz; Olof Palme Prize; Olof Palme Peace March; Ulofa Palme Street; Olof Palme International Center; Q10609261; Olof Palmes plats; Olof Palmes torg; The Palmemonument; Olof Palmeplein; Olof-Palme-Allee; Olof Palmestraat; Olof Palmestraat; S.O.J. Palmelaan; Olof Palme (1927-1986); Olof Palme sétány; Olof Palmes plats; Q52772045; Q52772119; Q52772198,0,0,
Q53733,Ullsten,SWE,SWD,1978,1979,Regular,Regular,0,0,,0,0,,0,0,
Q53713,Palme,SWE,SWD,1982,1986,Regular,Irregular,0,0,,51,1,Olof-Palme-Platz; Olof Palme Prize; Olof Palme Peace March; Ulofa Palme Street; Olof Palme International Center; Q10609261; Olof Palmes plats; Olof Palmes torg; The Palmemonument; Olof Palmeplein; Olof-Palme-Allee; Olof Palmestraat; Olof Palmestraat; S.O.J. Palmelaan; Olof Palme (1927-1986); Olof Palme sétány; Olof Palmes plats; Q52772045; Q52772119; Q52772198,0,0,
Q53740,Carlsson,SWE,SWD,1986,1991,Regular,Regular,0,0,,0,0,,0,0,
Q52922,Bildt,SWE,SWD,1991,1994,Regular,Regular,0,0,,0,0,,0,0,
Q53740,Carlsson,SWE,SWD,1994,1996,Regular,Regular,0,0,,0,0,,0,0,
Q164346,Gerhardsen,NOR,NOR,1945,1951,Regular,Regular,0,0,,2,1,Einar Gerhardsens plass; Gerhardsennuten,0,0,
Q164346,Gerhardsen,NOR,NOR,1955,1963,Regular,Regular,0,0,,2,1,Einar Gerhardsens plass; Gerhardsennuten,0,0,
Q164346,Gerhardsen,NOR,NOR,1963,1965,Regular,Regular,0,0,,2,1,Einar Gerhardsens plass; Gerhardsennuten,0,0,
Q380659,Borten,NOR,NOR,1965,1971,Regular,Regular,0,0,,0,0,,0,0,
Q317412,Korvald,NOR,NOR,1972,1973,Regular,Regular,0,0,,0,0,,0,0,
Q337295,Nordli,NOR,NOR,1976,1981,Regular,Retired Due to Ill Health,0,0,,0,0,,0,0,
Q133009,Brundtland,NOR,NOR,1981,1981,Regular,Regular,0,0,,0,0,,0,0,
Q133009,Brundtland,NOR,NOR,1986,1989,Regular,Regular,0,0,,0,0,,0,0,
Q311421,Syse,NOR,NOR,1989,1990,Regular,Regular,0,0,,0,0,,0,0,
Q133009,Brundtland,NOR,NOR,1990,1996,Regular,Regular,0,0,,0,0,,0,0,
Q207655,Bondevik,NOR,NOR,1997,1998,Regular,Regular,0,0,,0,0,,0,0,
Q207655,Bondevik,NOR,NOR,1998,2000,Regular,Regular,0,0,,0,0,,0,0,
Q207655,Bondevik,NOR,NOR,2001,2005,Regular,Regular,0,0,,0,0,,0,0,
Q664052,Buhl,DNK,DEN,1945,1945,Regular,Regular,0,0,,0,0,,0,0,
Q1335084,Kristensen,DNK,DEN,1945,1947,Regular,Regular,0,0,,0,0,,0,0,
Q503087,Hedtoft,DNK,DEN,1947,1950,Regular,Regular,0,0,,0,0,,0,0,
Q710950,Eriksen,DNK,DEN,1950,1953,Regular,Regular,0,0,,0,0,,0,0,
Q503087,Hedtoft,DNK,DEN,1953,1955,Regular,Natural Death,0,0,,0,0,,0,0,
Q721358,Hansen,DNK,DEN,1955,1960,Regular,Natural Death,0,0,,0,0,,0,0,
Q918287,Kampmann,DNK,DEN,1960,1962,Regular,Retired Due to Ill Health,0,0,,0,0,,0,0,
Q441330,Krag,DNK,DEN,1962,1968,Regular,Regular,0,0,,1,0,Q107650451,0,0,
Q727237,Baunsgaard,DNK,DEN,1968,1971,Regular,Regular,0,0,,0,0,,0,0,
Q441330,Krag,DNK,DEN,1971,1972,Regular,Regular,0,0,,1,0,Q107650451,0,0,
Q348901,Hartling,DNK,DEN,1973,1975,Regular,Regular,0,0,,0,0,,0,0,
Q311063,Nyrup Rasmussen,DNK,DEN,1993,2001,Regular,Regular,0,0,,0,0,,0,0,
Q46052,Fogh Rasmussen,DNK,DEN,2001,2009,Regular,Regular,0,0,,0,0,,0,0,
Q360353,Benediktsson,ISL,ICE,1963,1970,Regular,Natural Death,0,0,,0,0,,0,0,
Q984037,Thoroddsen,ISL,ICE,1980,1983,Regular,Regular,0,0,,0,0,,0,0,
Q107431,Pires,CPV,CAP,1975,1991,Regular,Regular,0,0,,0,0,,0,0,
Q57356,Jammeh,GMB,GAM,1994,2015,Irregular,Still in Office,0,0,,0,0,,0,0,
Q219728,Diouf,SEN,SEN,1981,2000,Regular,Regular,0,0,,1,0,Ecole Emile Sarr,0,0,
Q336242,Maga,BEN,BEN,1960,1963,Regular,Irregular,0,0,,1,0,Q16540624,0,0,
Q336242,Maga,BEN,BEN,1970,1972,Regular,Regular,0,0,,1,0,Q16540624,0,0,
Q345385,Ould Daddah,MRT,MAA,1960,1978,Regular,Irregular,0,0,,0,0,,0,0,
Q314355,Diori,NER,NIR,1960,1974,Regular,Irregular,0,0,,1,0,Diori Hamani International Airport,0,0,
Q179242,Laurent Gbagbo,CIV,CDI,2000,2011,Irregular,Irregular,0,0,,0,0,,0,0,
Q202155,Sankara,BFA,BFO,1983,1987,Irregular,Irregular,0,0,,6,1,Université Ouaga II; Q15984955; Sankarism; Rue Thomas-Sankara; Passage Thomas-Sankara; Spiniglans thomassankara,0,0,
Q294618,Doe,LBR,LBR,1980,1990,Irregular,Irregular,0,0,,1,0,Samuel Kanyon Doe Sports Complex,0,0,
Q879302,"Margai,M",SLE,SIE,1961,1964,Regular,Natural Death,0,0,,0,0,,1,1,Privy Council of the United Kingdom
Q359490,"Margai, A",SLE,SIE,1964,1967,Regular,Regular,0,0,,0,0,,0,0,
Q515657,Stevens,SLE,SIE,1968,1985,Irregular,Regular,0,0,,0,0,,0,0,
Q887812,Momoh,SLE,SIE,1985,1992,Regular,Irregular,0,0,,0,0,,0,0,
Q336297,Kabbah,SLE,SIE,1996,1997,Regular,Irregular,0,0,,0,0,,0,0,
Q888792,Koroma,SLE,SIE,1997,1998,Irregular,Foreign,0,0,,0,0,,0,0,
Q336297,Kabbah,SLE,SIE,1998,2007,Foreign Imposition,Regular,0,0,,0,0,,0,0,
Q8620,Nkrumah,GHA,GHA,1952,1966,Regular,Irregular,0,0,,9,1,Tema Motorway; Stokely Carmichael; Kwame Nkrumah University of Science and Technology; FPSO Kwame Nkrumah; Nkrumah University; Nkrumaism; African Union Kwame Nkrumah Awards for Scientific Excellence; Azikiwe-Nkrumah Hall; Nkrumah Road,1,1,Privy Council of the United Kingdom
Q356728,Ankrah,GHA,GHA,1966,1969,Irregular,Regular,0,0,,0,0,,0,0,
Q424377,Afrifa,GHA,GHA,1969,1969,Regular,Regular,0,0,,0,0,,0,0,
Q472593,Acheampong,GHA,GHA,1972,1978,Irregular,Irregular,0,0,,0,0,,0,0,
Q718234,Akuffo,GHA,GHA,1978,1979,Regular,Irregular,0,0,,0,0,,0,0,
Q51002,Rawlings,GHA,GHA,1979,1979,Irregular,Regular,0,0,,1,0,J.J. Rawlings Avenue,2,1,Junior Jesus; Papa J
Q50997,Limann,GHA,GHA,1979,1981,Regular,Irregular,0,0,,1,0,Hilla Limann Highway,0,0,
Q51002,Rawlings,GHA,GHA,1981,2001,Irregular,Regular,0,0,,1,0,J.J. Rawlings Avenue,2,1,Junior Jesus; Papa J
Q51005,John Agyekum Kufuor,GHA,GHA,2001,2009,Regular,Regular,0,0,,0,0,,0,0,
Q298718,Ahidjo,CMR,CAO,1960,1982,Regular,Retired Due to Ill Health,0,0,,0,0,,0,0,
Q57272,Biya,CMR,CAO,1982,2015,Regular,Still in Office,0,0,,0,0,,0,0,
Q335684,Balewa,NGA,NIG,1960,1966,Regular,Irregular,0,0,,6,1,"Abubakar Tafawa Balewa University; Bauchi Airport; Bauchi State Airport; Abubakar Tafawa Balewa University Library; Abubakar Tafawa Balewa Way Garki, Abuja; Abubakar Tafawa Balewa Way, Bauchi",0,0,
Q354695,Gowon,NGA,NIG,1966,1975,Irregular,Irregular,0,0,,5,1,"Yakubu Gowon Stadium; Yakubu Gowon Way, Kaduna; Yakubu Gowon Street, Abuja; Yakubu Gowon Street, Kano; Yakubu Gowon Way, Jos",0,0,
Q202006,Obasanjo,NGA,NIG,1976,1979,Irregular,Regular,0,0,,8,1,"Olusegun Obasanjo Prize; Olusegun Obasanjo Way, Abuja; Olusegun Obasanjo Street; Olusegun Obasanjo Way Port Harcourt; Olusegun Obasanjo Way Akure; Olusegun Obasanjo Way Ado Ekiti; Presidential Bouleva Road Abeokuta; Olusegun Obasanjo Way",1,1,Baba Africa
Q361567,Buhari,NGA,NIG,1983,1985,Irregular,Irregular,0,0,,4,1,"Buharism; Muhammadu Buhari   Way, Abuja; Mohammadu Buhari Way, Kaduna; Muhammadu Buhari Road, Katsina",1,1,His Excellency
Q333415,Babangida,NGA,NIG,1985,1993,Irregular,Regular,0,0,,4,1,"Ibrahim Babangida University; Ibrahim Babangida   Way, Wuse; Ibrahim Babangida Way,  Ibadan; Ibrahim babangida road",0,0,
Q207942,Abacha,NGA,NIG,1993,1998,Irregular,Natural Death,0,0,,3,1,"Sani Abacha Stadium; Sani Abacha Road, Abuja; Sani Abacha Way, Kano",0,0,
Q262346,Abubakar,NGA,NIG,1998,1999,Regular,Regular,0,0,,1,0,Abdulsalami abubakar street,0,0,
Q202006,Obasanjo,NGA,NIG,1999,2007,Regular,Regular,0,0,,8,1,"Olusegun Obasanjo Prize; Olusegun Obasanjo Way, Abuja; Olusegun Obasanjo Street; Olusegun Obasanjo Way Port Harcourt; Olusegun Obasanjo Way Akure; Olusegun Obasanjo Way Ado Ekiti; Presidential Bouleva Road Abeokuta; Olusegun Obasanjo Way",1,1,Baba Africa
Q172083,Bongo,GAB,GAB,1967,2009,Regular,Natural Death,0,0,,2,1,Omar Bongo Technical High School; Omar Bongo Triumphal Boulevard,0,0,
Q548636,Oueddei,TCD,CHA,1979,1982,Regular,Irregular,0,0,,0,0,,0,0,
Q161672,Lumumba,COD,DRC,1960,1960,Regular,Irregular,0,0,,27,1,"Lubumbashi; Peoples' Friendship University of Russia; Lumumba; Estádio Patrice Lumumba; Lumumby Street in Łódź; Patrice Lumumba; Chokwe Lumumba; Patrisa Lumumby street; Lumumba Secondary School; Avenida Patrice Lumumba; Patrice Lumumba Square; Rua Patrice Lumumba; Q29848923; Patrice Lumumba National High School; Patrice Lumumby; Róna Street, Budapest; Square Patrice Lumumba - Patrice Lumumbasquare; Gamilah Lumumba Shabazz; Patrice-Lumumba-Straße; Lumumbastraße",0,0,
Q164535,Mobutu,COD,DRC,1960,1960,Irregular,Regular,0,0,,1,0,Mobutism,7,1,« Léopard du Kinshasa»; « Léopard du Zaïre »; Aigle de Kawele; Homme au totem léopard; Papa Maréchal; Roi du Zaïre; Elombé Sese
Q164535,Mobutu,COD,DRC,1965,1997,Irregular,Irregular,0,0,,1,0,Mobutism,7,1,« Léopard du Kinshasa»; « Léopard du Zaïre »; Aigle de Kawele; Homme au totem léopard; Papa Maréchal; Roi du Zaïre; Elombé Sese
Q210069,Obote,UGA,UGA,1962,1971,Regular,Irregular,0,0,,0,0,,0,0,
Q497412,Paulo Muwanga,UGA,UGA,1980,1980,Irregular,Regular,0,0,,0,0,,0,0,
Q210069,Obote,UGA,UGA,1980,1985,Regular,Irregular,0,0,,0,0,,0,0,
Q173563,Kenyatta,KEN,KEN,1963,1978,Regular,Natural Death,0,0,,6,1,Jomo Kenyatta International Airport; Jomo Kenyatta University of Agriculture and Technology; Kenyatta International Convention Centre; Jomo Kenyatta Avenue; Jomo Kenyatta Prize for Literature; Mashujaa Day,0,0,
Q193492,Moi,KEN,KEN,1978,2002,Regular,Regular,0,0,,1,0,Moi International Airport,0,0,
Q186525,Nyerere,TZA,TAZ,1961,1985,Regular,Regular,0,0,,9,1,Pundamilia nyererei; Julius Nyerere International Airport; nyerereite; Mwalimu Nyerere Museum Centre; Julius Nyerere International Convention Centre; Order of Mwalimu Julius Kambarage Nyerere; Mwalimu Nyerere Memorial Academy; Avenida Julius Nyerere (Maputo); Mwalimu Nyerere University,0,0,
Q361581,Mwinyi,TZA,TAZ,1985,1995,Regular,Regular,0,0,,0,0,,0,0,
Q282359,Micombero,BDI,BUI,1966,1976,Irregular,Irregular,0,0,,0,0,,0,0,
Q457201,Ndadaye,BDI,BUI,1993,1993,Regular,Irregular,0,0,,0,0,,0,0,
Q358332,Ndayizeye,BDI,BUI,2003,2005,Regular,Regular,0,0,,0,0,,0,0,
Q1231345,Paul Kagame,RWA,RWA,1994,2015,Regular,Still in Office,0,0,,0,0,,0,0,
Q209828,Siad Barre,SOM,SOM,1969,1991,Irregular,Irregular,0,0,,0,0,,0,0,
Q297667,Gouled Aptidon,DJI,DJI,1977,1999,Regular,Regular,0,0,,0,0,,0,0,
Q181665,Neto,AGO,ANG,1975,1979,Irregular,Natural Death,0,0,,7,1,Agostinho Neto University; Ausspannplatz Windhoek; Dr Agostinja Neta; Order of Agostinho Neto; Agostinho Netostraat; Antonio Netostraat; Agostinho Neto Hospital,0,0,
Q219918,Machel,MOZ,MZM,1975,1986,Irregular,Natural Death,0,0,,6,1,Samora Machel Constituency; Samory Machela street; Samora Machel Bridge; Samora Machel Avenue; Machelism; Q114851230,0,0,
Q105480,Kaunda,ZMB,ZAM,1964,1991,Regular,Regular,0,0,,1,0,Avenida Kenneth Kaunda,1,1,KK
Q297057,Chiluba,ZMB,ZAM,1991,2002,Regular,Regular,0,0,,0,0,,0,0,
Q212058,Levy Mwanawasa,ZMB,ZAM,2002,2008,Regular,Retired Due to Ill Health,0,0,,0,0,,0,0,
Q313424,Smith,ZWE,ZIM,1965,1979,Regular,Regular,0,0,,0,0,,2,1,The Right Honourable; Legion of Merit
Q10707,Mugabe,ZWE,ZIM,1980,2015,Regular,Still in Office,0,0,,0,0,,0,0,
Q184945,Banda,MWI,MAW,1964,1994,Regular,Regular,0,0,,0,0,,0,0,
Q1077326,Heunis,ZAF,SAF,1989,1989,Regular,Regular,0,0,,0,0,,0,0,
Q8023,Mandela,ZAF,SAF,1994,1999,Regular,Regular,0,0,,180,1,Australopicus nelsonmandelai; Nelson Mandela Boulevard; Mandelia; Mandela's nudibranch; Mandeliidae; Mandela Challenge Plate; Praia International Airport; Nelson Mandela University; Mandela Day; Nelson Mandela Bay Metropolitan Municipality; Nelson Mandelabrug; Nelson Mandelapark; Nelson Mandela Bridge; Anelosimus nelsoni; Singafrotypa mandela; Stasimopus mandelai; Nelson Mandela Centre; jardin Nelson-Mandela; Nelson Mandela Bridges; Vulcanobatrachus mandelai,0,0,
Q101547,Mbeki,ZAF,SAF,1999,2008,Regular,Regular,0,0,,0,0,,0,0,
Q154104,Nujoma,NAM,NAM,1990,2005,Regular,Regular,0,0,,0,0,,1,1,His Excellency
Q1347953,Jonathan,LSO,LES,1966,1986,Regular,Irregular,0,0,,0,0,,0,0,
Q57732,Mosisili,LSO,LES,1998,2012,Regular,Regular,0,0,,0,0,,0,0,
Q219962,Khama,BWA,BOT,1966,1980,Regular,Natural Death,0,0,,1,0,Sir Seretse Khama International Airport,0,0,
Q310574,Masire,BWA,BOT,1980,1998,Regular,Regular,0,0,,0,0,,0,0,
Q193238,Mogae,BWA,BOT,1998,2008,Regular,Regular,0,0,,0,0,,0,0,
Q155554,Marc Ravalomanana,MDG,MAG,2002,2009,Irregular,Irregular,0,0,,0,0,,0,0,
Q401076,Abdallah,COM,COM,1975,1975,Irregular,Irregular,0,0,,0,0,,0,0,
Q2166580,Ramgoolam,MUS,MAS,1968,1982,Regular,Regular,0,0,,1,0,Sir Seewoosagur Ramgoolam International Airport,0,0,
Q217566,Anerood Jugnauth,MUS,MAS,1982,1995,Regular,Regular,0,0,,0,0,,1,1,Sir
Q217566,Anerood Jugnauth,MUS,MAS,2000,2003,Regular,Regular,0,0,,0,0,,1,1,Sir
Q193874,Mohammed V,MAR,MOR,1956,1961,Irregular,Natural Death,0,0,,14,1,Mausoleum of Mohammed V; Mohammedia; Mohammed V International Airport; Mohammed V University; Mohammed V Stadium; Q2921879; place Mohammed-V; Salle Mohammed V; National Theatre Mohammed V; Avenue Mohammed V; Mohammed V Mosque of Agadir; Avenue Mohammed V; Mohammed V Mosque; Sousse Mohamed 5,1,1,sultan
Q69103,Hassan II,MAR,MOR,1961,1999,Regular,Natural Death,0,0,,8,1,Hassan II University of Casablanca; Hassan II Bridge; Moulay Hassan Bridge; Université Hassan II Mohammedia; CHU Hassan II; Hassan II Garden; Q119704364; Hassan II Mosque,1,1,king
Q2679301,Ben Khedda,DZA,ALG,1962,1962,Regular,Regular,0,0,,0,0,,0,0,
Q327414,Bitat,DZA,ALG,1978,1979,Regular,Regular,0,0,,3,1,Annaba Rabah Bitat Airport; Q26845709; Q112155761,0,0,
Q314688,Benjedid,DZA,ALG,1979,1992,Regular,Irregular,0,0,,1,0,Université Chadli Bendjedid d'El Tarf,0,0,
Q57308,Bouteflika,DZA,ALG,1999,2015,Regular,Still in Office,0,0,,0,0,,0,0,
Q643348,Ben Ali Bourguiba,TUN,TUN,1957,1987,Irregular,Irregular,0,0,,12,1,Avenue Habib Bourguiba; Monastir Habib Bourguiba International Airport; Bourguibism; Borj Bourguiba; esplanade Habib-Bourguiba; Leader Habib Bourguiba Museum; Hammam Bourguiba; Habib Bourguiba Street; Gare Habib Bourguiba Monastir; Hopital Universitaire Habib Bourguiba; Bourguiba initiative; Pavillon Habib Bourguiba,0,0,
Q204487,Zine Al-Abidine Ben Ali,TUN,TUN,1987,2011,Irregular,Irregular,0,0,,0,0,,0,0,
Q319216,Abboud,SDN,SUD,1958,1964,Irregular,Irregular,0,0,,0,0,,0,0,
Q311798,Nimeiri,SDN,SUD,1969,1971,Irregular,Irregular,0,0,,0,0,,0,0,
Q311798,Nimeiri,SDN,SUD,1971,1985,Irregular,Irregular,0,0,,0,0,,0,0,
Q128245,Mohammad Reza,IRN,IRN,1953,1979,Irregular,Irregular,0,0,,2,1,Central Square (Hamadan); Shohadaye Hafte Tir Arena,3,1,shah; crown prince; prince
Q38823,Ayatollah Khomeini,IRN,IRN,1979,1989,Irregular,Natural Death,0,0,,37,1,Shah Mosque; Tehran Imam Khomeini International Airport; Imam Khomeini Square; Imam Khomeini International University; Imam Khomeini Street; Imam Khomeini Naval University; Khomeini House (Jamaran); Imam Khomeini Madrasa (Yazd); Khomeini House (Khomein); Imam Khomeini High School (Hamadan); Grand Musalla of Isfahan; Central Square (Hamadan); Imam Khomeini Hospital Complex; Sepahdari Madrasa; Grand Musalla of Tehran; Khomeinism; Semnan Space Center; Soltani Madrasa; Khomeini House (Qom); Khomeini House (Najaf),3,1,grand ayatollah; ayatollah; Sayyid
Q238745,Menderes,TUR,TUR,1950,1960,Regular,Irregular,0,0,,6,1,Aydın Adnan Menderes University; İzmir Adnan Menderes Airport; Adnan Menderes Boulevard; Adnan Menderes; Adnan Menderes; Adnan Menderes,0,0,
Q243550,Erbakan,TUR,TUR,1996,1997,Regular,Irregular,0,0,,1,0,Necmettin Erbakan University,0,0,
Q307494,Salem Aref,IRQ,IRQ,1963,1966,Irregular,Natural Death,0,0,,1,0,Abdel Salam Aref Street,0,0,
Q1316,Saddam Hussein,IRQ,IRQ,1979,2003,Regular,Foreign,0,0,,3,1,Baghdad International Airport; Mosul Dam; Sadr City,2,1,جزار بغداد; El carnicero de Bagdad
Q39524,Nasser,EGY,EGY,1954,1970,Irregular,Natural Death,0,0,,10,1,"Nasserism; University of Conakry; Gamal Abdul El Nasser Air Base; Jamal Abdel Nasser Street, Gaza; ENS Gamal Abdel Nasser; Jamal Abdel Nasser Street; Gamal Abdel Nasser Street; Nasser, Gaza; New Nasser City; Nasser Medical Complex",0,0,
Q39524,Nasser (president of UAR),SYR,SYR,1958,1961,Regular,Irregular,0,0,,10,1,"Nasserism; University of Conakry; Gamal Abdul El Nasser Air Base; Jamal Abdel Nasser Street, Gaza; ENS Gamal Abdel Nasser; Jamal Abdel Nasser Street; Gamal Abdel Nasser Street; Nasser, Gaza; New Nasser City; Nasser Medical Complex",0,0,
Q365971,Chamoun,LBN,LEB,1952,1958,Regular,Regular,0,0,,0,0,,1,1,His Excellency
Q363392,Aoun,LBN,LEB,1988,1989,Regular,Regular,0,0,,0,0,,0,0,
Q146906,Hussein Ibn Talal El-Hashim,JOR,JOR,1952,1999,Regular,Natural Death,0,0,,0,0,,2,1,Majesty; Royal Highness
Q208477,Sharett,ISR,ISR,1953,1955,Regular,Regular,0,0,,2,1,"Ramat Sharett; Moshe Sharett Square, Ashdod",0,0,
Q191123,Eshkol,ISR,ISR,1963,1969,Regular,Natural Death,0,0,,0,0,,0,0,
Q42992,Meir,ISR,ISR,1969,1974,Regular,Regular,0,0,,13,1,Tel Aviv Performing Arts Center; Golda Meir School; Golda Meir interchange; University of Wisconsin-Milwaukee Libraries; Route 436; G. Meirstraat; Golda Park; Golda Meir Prize; Q89392145; Q96971024; Golda-Meir-Steg; Golda Meir Garden; Q133281462,0,0,
Q34060,Rabin,ISR,ISR,1974,1977,Regular,Regular,0,0,,0,0,,0,0,
Q57410,Peres,ISR,ISR,1977,1977,Regular,Regular,0,0,,5,1,Negev Nuclear Research Center; Peres park; Peres Academic Center; Peres Campus; place Shimon Peres,0,0,
Q130873,Begin,ISR,ISR,1977,1983,Regular,Regular,0,0,,14,1,Begin Road; Menachem Begin-Taba Border Crossing; Menachem Begin Heritage Center; Kiryat Menachem Begin; Begin-Sadat Center for Strategic Studies; Begin Doctrine; Begin Park; Menahem Begin Park; Begin Prize; Q86006831; Menachem Begin Hospital; Menachem Begin Boulevard; Kikar Hakadurim Lod; Darka Menahem Begin Highschool,0,0,
Q57410,Peres,ISR,ISR,1984,1986,Regular,Regular,0,0,,5,1,Negev Nuclear Research Center; Peres park; Peres Academic Center; Peres Campus; place Shimon Peres,0,0,
Q34060,Rabin,ISR,ISR,1992,1995,Regular,Irregular,0,0,,0,0,,0,0,
Q57410,Peres,ISR,ISR,1995,1996,Regular,Regular,0,0,,5,1,Negev Nuclear Research Center; Peres park; Peres Academic Center; Peres Campus; place Shimon Peres,0,0,
Q125731,Barak,ISR,ISR,1999,2001,Regular,Regular,0,0,,0,0,,0,0,
Q60206,Ariel Sharon,ISR,ISR,2001,2006,Regular,Retired Due to Ill Health,0,0,,0,0,,0,0,
Q183187,Fahd,SAU,SAU,1982,1996,Regular,Retired Due to Ill Health,0,0,,15,1,King Fahd Sports City; King Fahd Causeway; King Fahd International Airport; King Fahd Mosque; King Fahad Academy; King Fahd Security College; King Fahad Medical City; King Fahd University Hospital; Royal Naval Academy; King Fahad Industrial Port Jubail; King Fahad Industrial Port Yanbu; King Fahad Hospital Hufūf; Q98755382; King Fahd Mosque (Muzaffarabad); King Fahd History Exhibition – Spirit of Leadership,2,1,Custodian of the Two Holy Mosques; Custodian of the Two Holy Mosques
Q1316,Saddam Hussein,KWT,KUW,1990,1991,Foreign Imposition,Foreign,0,0,,3,1,Baghdad International Airport; Mosul Dam; Sadr City,2,1,جزار بغداد; El carnicero de Bagdad
Q317743,Abdallah Yakta,AFG,AFG,1967,1967,Regular,Regular,0,0,,0,0,,0,0,
Q63831,Amin,AFG,AFG,1979,1979,Irregular,Irregular,0,0,,0,0,,0,0,
Q63827,Karmal,AFG,AFG,1979,1986,Irregular,Foreign,0,0,,0,0,,0,0,
Q43944,Hamid Karzai,AFG,AFG,2001,2014,Foreign Imposition,Regular,0,0,,1,0,Kabul International Airport,0,0,
Q82918,Niyazov,TKM,TKM,1990,2006,Regular,Natural Death,0,0,,8,1,Saparmyrat Türkmenbaşy District; Q4335900; Order of Saparmurat Türkmenbaşy the Great; Turkmen Agricultural University Named After S.A. Nyýazow; Şabat District; Şabat; Military Institute of the Ministry of Defense of Turkmenistan; Saparmyrat Türkmenbaşy,0,0,
Q489893,Akayev,KGZ,KYR,1990,2005,Regular,Irregular,0,0,,0,0,,0,0,
Q57394,Nazarbayev,KAZ,KZK,1990,2015,Regular,Still in Office,0,0,,4,1,Nursultan Nazarbayev International Airport; Order of Nazarbayev; Nazarbayev University; Nursultan Nazarbayev Street,0,0,
Q5816,Mao Tse-Tung,CHN,CHN,1949,1976,Irregular,Natural Death,0,0,,10,1,Mao suit; Maoism; Mao; Maotherium; Marxism–Leninism–Maoism–Prachanda Path; demaoization; Mao Zedong's Former Residence; Marxism–Leninism–Maoism; Avenida Mao-tse Tung; Mao Zedong Locomotive,0,0,
Q41570,Hua Guofeng,CHN,CHN,1976,1980,Regular,Regular,0,0,,0,0,,0,0,
Q16977,Deng Xiaoping,CHN,CHN,1980,1997,Regular,Natural Death,0,0,,2,1,Deng Xiaoping Theory; Deng Xiaoping,0,0,
Q16597,Jiang Zemin,CHN,CHN,1997,2003,Regular,Regular,0,0,,1,0,Jiang's Eight Points,0,0,
Q15029,Hu Jintao,CHN,CHN,2003,2012,Regular,Regular,0,0,,0,0,,0,0,
Q334679,Bagabandi,MNG,MON,1997,2005,Regular,Regular,0,0,,0,0,,0,0,
Q171684,Rhee,KOR,ROK,1948,1960,Regular,Irregular,0,0,,2,1,Q12608820; The Independence Association and Young Syngman Rhee,0,0,
Q494930,Matthew Bunker Ridgway,JPN,JPN,1951,1952,Regular,Regular,0,0,,0,0,,0,0,
Q301804,"Yoshida, Shigeru",JPN,JPN,1952,1954,Regular,Regular,0,0,,4,1,Yoshida Doctrine; Shigeru Ishiba; Q11413503; Q11414086,0,0,
Q351656,Ishibashi,JPN,JPN,1956,1957,Regular,Retired Due to Ill Health,0,0,,2,1,Tanzan Ishibashi Award; Ishibashi Tanzan Memorial Fundation,0,0,
Q315572,Kishi,JPN,JPN,1957,1960,Regular,Regular,0,0,,0,0,,0,0,
Q299142,Ikeda,JPN,JPN,1960,1964,Regular,Retired Due to Ill Health,0,0,,0,0,,0,0,
Q297644,Tanaka,JPN,JPN,1972,1974,Regular,Regular,0,0,,1,0,Kakumander,0,0,
Q317675,Miki,JPN,JPN,1974,1976,Regular,Regular,0,0,,0,0,,0,0,
Q315584,Fukuda,JPN,JPN,1976,1978,Regular,Regular,0,0,,1,0,Fukuda Doctrine,0,0,
Q744989,Masayoshi Ito,JPN,JPN,1980,1980,Regular,Regular,0,0,,0,0,,0,0,
Q250828,Nakasone,JPN,JPN,1982,1987,Regular,Regular,0,0,,1,0,Nakasone Yasuhiro Award,0,0,
Q315561,Takeshita,JPN,JPN,1987,1989,Regular,Regular,0,0,,0,0,,0,0,
Q315579,Kaifu,JPN,JPN,1989,1991,Regular,Regular,0,0,,0,0,,0,0,
Q315565,Miyazawa,JPN,JPN,1991,1993,Regular,Regular,0,0,,0,0,,0,0,
Q315555,Hosokawa,JPN,JPN,1993,1994,Regular,Regular,0,0,,0,0,,0,0,
Q315720,Hata,JPN,JPN,1994,1994,Regular,Regular,0,0,,0,0,,0,0,
Q309374,Hashimoto,JPN,JPN,1996,1998,Regular,Regular,0,0,,0,0,,0,0,
Q130852,Junichiro Koizumi,JPN,JPN,2001,2006,Regular,Regular,0,0,,1,0,Koizumi whirlwind,0,0,
Q1047,Nehru,IND,IND,1947,1964,Regular,Natural Death,0,0,,236,1,"Jawaharlal Nehru Stadium; Jawaharlal Nehru University; Nehru Cup; Jawaharlal Nehru International Stadium; Jawaharnagar; Jawahar Navodaya Vidyalaya; Jawaharlal Institute of Postgraduate Medical Education and Research; Jawaharlal Nehru Award for International Understanding; Nehru Zoological Park; Jawaharlal Nehru Square; Jawahar Circle; Jawahar Deer Park; Jawahar Kala Kendra; Jawahar Navodaya Vidyalaya, Ahmednagar; Jawahar Navodaya Vidyalaya, Gajanur; Jawahar Navodaya Vidyalaya, Golaghat; Jawahar Navodaya Vidyalaya, Indore; Jawahar Navodaya Vidyalaya, Jaipur; Jawahar Navodaya Vidyalaya, Kasargod; Jawahar Navodaya Vidyalaya, Khurai",1,1,pandit
Q317769,Nanda,IND,IND,1964,1964,Regular,Regular,0,0,,0,0,,0,0,
Q244689,Shastri,IND,IND,1964,1966,Regular,Natural Death,0,0,,2,1,Lal Bahadur Shastri Marg; Q21844231,0,0,
Q317769,Nanda,IND,IND,1966,1966,Regular,Regular,0,0,,0,0,,0,0,
Q1149,"Gandhi, I.",IND,IND,1966,1977,Regular,Regular,0,0,,36,1,"Indira Gandhi International Airport; Indira Levak; Indira-Gandhi-Straße; Anaimalai Tiger Reserve; Indira Gandhi Award for Best First Film of a Director; Indira Gandhi National Open University; Indira Point; Indira Gandhi Peace Prize; Indira Gandhi Boat Race; Indira Gandhi Co-operative Hospital; Indira Gandhi Institute of Development Research; Indira Gandhi Institute of Medical Sciences; Indira Gandhi Institute of Technology, Sarang; Indira Gandhi Memorial Hospital; Indira Gandhi Priyadarshini Award; Indira Gandhi Paryavaran Puraskar; Indira Gandhi Zoological Park; Indiry Gandhi Street; High School 79 Indira Gandi; Indira Gandhi Childrens Hospital",0,0,
Q218661,Desai,IND,IND,1977,1979,Regular,Regular,0,0,,0,0,,0,0,
Q1149,"Gandhi, I.",IND,IND,1980,1984,Regular,Irregular,0,0,,36,1,"Indira Gandhi International Airport; Indira Levak; Indira-Gandhi-Straße; Anaimalai Tiger Reserve; Indira Gandhi Award for Best First Film of a Director; Indira Gandhi National Open University; Indira Point; Indira Gandhi Peace Prize; Indira Gandhi Boat Race; Indira Gandhi Co-operative Hospital; Indira Gandhi Institute of Development Research; Indira Gandhi Institute of Medical Sciences; Indira Gandhi Institute of Technology, Sarang; Indira Gandhi Memorial Hospital; Indira Gandhi Priyadarshini Award; Indira Gandhi Paryavaran Puraskar; Indira Gandhi Zoological Park; Indiry Gandhi Street; High School 79 Indira Gandi; Indira Gandhi Childrens Hospital",0,0,
Q4593,"Gandhi, R.",IND,IND,1984,1989,Regular,Regular,0,0,,7,1,Rajiv Gandhi International Airport; Connaught Place; Rajiv Gandhi University of Health Sciences; Rajiv Gandhi Government General Hospital; Rajiv Gandhi Government Polytechnic; Rajiv Gandhi Proudyogiki Vishwavidyalaya; Rajiv Gandhi Bridge,0,0,
Q275146,Rao,IND,IND,1991,1996,Regular,Regular,0,0,,1,0,P.V. Narasimha Rao Expressway,0,0,
Q377870,Gowda,IND,IND,1996,1997,Regular,Regular,0,0,,0,0,,0,0,
Q248484,Gujral,IND,IND,1997,1998,Regular,Regular,0,0,,0,0,,0,0,
Q298020,"Wangchuk, Jigme Dorji",COW760,BHU,1952,1972,Regular,Natural Death,0,0,,0,0,,0,0,
Q200273,"Wangchuck, Jigme Singye",COW760,BHU,1972,1998,Regular,Regular,0,0,,0,0,,0,0,
Q295713,L. Khan,PAK,PAK,1948,1951,Regular,Irregular,0,0,,0,0,,0,0,
Q190071,Ayub Khan,PAK,PAK,1958,1969,Irregular,Irregular,0,0,,3,1,Ayubia National Park; Ayub Bridge; Ayub National Park,0,0,
Q333981,Yahya Khan,PAK,PAK,1969,1971,Irregular,Irregular,0,0,,0,0,,0,0,
Q131355,Bhutto,PAK,PAK,1971,1977,Regular,Irregular,0,0,,1,0,"Quaid-e-Awam University of Engineering, Science and Technology",0,0,
Q314776,Ishaq Khan,PAK,PAK,1988,1988,Regular,Regular,0,0,,0,0,,0,0,
Q34413,Benazir Bhutto,PAK,PAK,1988,1990,Regular,Regular,0,0,,2,1,Benazir Bhutto International Airport; Benazir Bhutto Hospital,0,0,
Q134068,Sharif,PAK,PAK,1990,1993,Regular,Irregular,0,0,,0,0,,0,0,
Q134068,Sharif,PAK,PAK,1993,1993,Regular,Regular,0,0,,0,0,,0,0,
Q34413,Benazir Bhutto,PAK,PAK,1993,1996,Regular,Irregular,0,0,,2,1,Benazir Bhutto International Airport; Benazir Bhutto Hospital,0,0,
Q982280,Khalid,PAK,PAK,1996,1997,Irregular,Regular,0,0,,0,0,,0,0,
Q134068,Sharif,PAK,PAK,1997,1999,Regular,Irregular,0,0,,0,0,,0,0,
Q191375,Sheikh Mujib Rahman,BGD,BNG,1972,1975,Regular,Irregular,0,0,,6,1,Bangladesh Satellite-1; Bangladesh Medical University; Glycera sheikhmujibi; Bangabandhu Sheikh Mujib Research Institute for Peace and Liberty; Naogaon University; Pirojpur Science and Technology University,1,1,বঙ্গবন্ধু
Q198313,Ziaur Rahman,BGD,BNG,1975,1981,Irregular,Irregular,0,0,,1,0,Mausoleum of Ziaur Rahman,0,0,
Q316384,U Nu,MMR,MYA,1948,1956,Regular,Regular,0,0,,0,0,,0,0,
Q2877627,U Ba Swe,MMR,MYA,1956,1957,Regular,Regular,0,0,,0,0,,0,0,
Q316384,U Nu,MMR,MYA,1957,1958,Regular,Regular,0,0,,0,0,,0,0,
Q315522,Ne Win,MMR,MYA,1958,1960,Regular,Regular,0,0,,0,0,,0,0,
Q316384,U Nu,MMR,MYA,1960,1962,Regular,Irregular,0,0,,0,0,,0,0,
Q315522,Ne Win,MMR,MYA,1962,1988,Irregular,Regular,0,0,,0,0,,0,0,
Q586850,Maung Maung,MMR,MYA,1988,1988,Regular,Irregular,0,0,,0,0,,0,0,
Q1150570,"Senanayake, Dudley",LKA,SRI,1952,1953,Regular,Retired Due to Ill Health,0,0,,0,0,,0,0,
Q4271789,Kotelawala,LKA,SRI,1953,1956,Regular,Regular,0,0,,0,0,,0,0,
Q982207,Dahanayake,LKA,SRI,1959,1960,Regular,Regular,0,0,,0,0,,0,0,
Q1150570,"Senanayake, Dudley",LKA,SRI,1960,1960,Regular,Regular,0,0,,0,0,,0,0,
Q194291,"Bandaranaike, S",LKA,SRI,1960,1965,Regular,Regular,0,0,,0,0,,0,0,
Q1150570,"Senanayake, Dudley",LKA,SRI,1965,1970,Regular,Regular,0,0,,0,0,,0,0,
Q194291,"Bandaranaike, S",LKA,SRI,1970,1977,Regular,Regular,0,0,,0,0,,0,0,
Q472323,Premadasa,LKA,SRI,1989,1993,Regular,Irregular,0,0,,0,0,,0,0,
Q207432,Kumaratunga,LKA,SRI,1994,2005,Regular,Regular,0,0,,0,0,,0,0,
Q558802,Nasir,MDV,MAD,1957,1978,Regular,Retired Due to Ill Health,0,0,,0,0,,0,0,
Q297957,Maumoon Abdul Gayoom,MDV,MAD,1978,2008,Regular,Regular,0,0,,0,0,,0,0,
Q381928,Tribhuvan,NPL,NEP,1951,1955,Irregular,Natural Death,0,0,,3,1,Tribhuvan International Airport; Tribhuvan University; Tribhuvan Highway,0,0,
Q313110,Mahendra,NPL,NEP,1955,1972,Regular,Natural Death,0,0,,1,0,Mahendra Highway,0,0,
Q162306,Birendra,NPL,NEP,1972,1990,Regular,Regular,0,0,,1,0,Hydraena birendra,0,0,
Q982335,Pote Sarasin,THA,THI,1957,1957,Irregular,Regular,0,0,,1,0,Sarasin bridge,0,0,
Q439990,Thanon Kittakachorn,THA,THI,1957,1958,Regular,Regular,0,0,,0,0,,1,1,Excellency
Q439990,Thanon Kittakachorn,THA,THI,1963,1973,Regular,Irregular,0,0,,0,0,,1,1,Excellency
Q974619,Sanya,THA,THI,1973,1975,Irregular,Regular,0,0,,0,0,,0,0,
Q714042,Seni Pramoj,THA,THI,1975,1975,Regular,Regular,0,0,,0,0,,0,0,
Q959588,Kukrot Pramoj,THA,THI,1975,1976,Regular,Regular,0,0,,0,0,,0,0,
Q714042,Seni Pramoj,THA,THI,1976,1976,Regular,Irregular,0,0,,0,0,,0,0,
Q379827,Prem,THA,THI,1980,1988,Regular,Regular,0,0,,3,1,Tinsulanonda bridge; Tinsulanonda Stadium; Prem Tinsulanonda International School,0,0,
Q701841,Choonhavan,THA,THI,1988,1991,Regular,Irregular,0,0,,0,0,,0,0,
Q485702,Panyarachun,THA,THI,1991,1992,Regular,Regular,0,0,,0,0,,0,0,
Q959614,Kraprayoon,THA,THI,1992,1992,Regular,Regular,0,0,,0,0,,0,0,
Q485702,Panyarachun,THA,THI,1992,1992,Regular,Regular,0,0,,0,0,,0,0,
Q1068511,Chavalit Yongchaiyudh,THA,THI,1996,1997,Regular,Regular,0,0,,0,0,,0,0,
Q160318,Sihanouk,KHM,CAM,1953,1970,Regular,Irregular,0,0,,3,1,Sihanoukville; Sihanoukism; Oedichirus sihanouki,2,1,king; prince
Q313400,Lon Nol,KHM,CAM,1970,1975,Irregular,Irregular,0,0,,0,0,,0,0,
Q39464,Pol Pot,KHM,CAM,1975,1979,Irregular,Foreign,0,0,,1,0,Poll Potism,0,0,
Q57788,Hun Sen,KHM,CAM,1985,1993,Regular,Regular,0,0,,2,1,Hun Sen Cup; Hun Sen Boulevard,0,0,
Q57788,Hun Sen,KHM,CAM,1997,2015,Irregular,Still in Office,0,0,,2,1,Hun Sen Cup; Hun Sen Boulevard,0,0,
Q469498,Souvanna Phouma,LAO,LAO,1951,1954,Regular,Regular,0,0,,2,1,Souvanna phoumai; Souvanna,1,1,prince
Q469498,Souvanna Phouma,LAO,LAO,1956,1958,Regular,Regular,0,0,,2,1,Souvanna phoumai; Souvanna,1,1,prince
Q469498,Souvanna Phouma,LAO,LAO,1960,1960,Irregular,Irregular,0,0,,2,1,Souvanna phoumai; Souvanna,1,1,prince
Q2196351,Boun Oum,LAO,LAO,1960,1962,Irregular,Regular,0,0,,0,0,,0,0,
Q469498,Souvanna Phouma,LAO,LAO,1962,1964,Regular,Irregular,0,0,,2,1,Souvanna phoumai; Souvanna,1,1,prince
Q469498,Souvanna Phouma,LAO,LAO,1964,1975,Regular,Irregular,0,0,,2,1,Souvanna phoumai; Souvanna,1,1,prince
Q36014,Ho Chi Minh,VNM,DRV,1945,1969,Irregular,Natural Death,0,0,,13,1,Ho Chi Minh City; Ho Chi Minh trail; Eszterházy Károly Catholic University; Ho Chi Minh Highway; Order of Hồ Chí Minh; Bulevar Umetnosti; Kho Shi Mina Square; Hồ Chí Minh Prize; Ho Chi Minh sea route; The Ballad of Ho Chi Minh; Zespół Szkół Poligraficznych im. Marszałka Józefa Piłsudskiego w Warszawie; Ho Chi Minh Sarani; Q124705768,0,0,
Q192502,Ngo Dinh Diem,VNM,RVN,1954,1963,Irregular,Irregular,0,0,,0,0,,0,0,
Q296317,Rahman,MYS,MAL,1957,1959,Regular,Regular,0,0,,2,1,Q12707153; Tunku Abdul Rahman Putra Memorial,1,1,Tengku
Q296317,Rahman,MYS,MAL,1959,1970,Regular,Regular,0,0,,2,1,Q12707153; Tunku Abdul Rahman Putra Memorial,1,1,Tengku
Q529391,Hussein Bin Onn,MYS,MAL,1976,1981,Regular,Retired Due to Ill Health,0,0,,1,0,Tun Hussein Onn Memorial,0,0,
Q272588,Ahmad Badawi,MYS,MAL,2003,2009,Regular,Regular,0,0,,0,0,,2,1,Tun; Pak Lah
Q131248,Lee Kuan Yew,SGP,SIN,1959,1990,Regular,Regular,0,0,,1,0,Lee Kuan Yew School of Public Policy,1,1,Order of Saint Michael and Saint George
Q313300,Goh Chok Tong,SGP,SIN,1990,2004,Regular,Regular,0,0,,0,0,,0,0,
Q57327,Hassanal Bolkiah,BRN,BRU,1967,2015,Regular,Still in Office,0,0,,0,0,,1,1,prince
Q223419,Roxas,PHL,PHI,1946,1948,Regular,Natural Death,0,0,,9,1,Roxas; Roxas; Roxas; Roxas; President Roxas; President Roxas; Roxas Boulevard; Paseo de Roxas; Manuel Roxas,0,0,
Q319943,Quirrino,PHL,PHI,1948,1953,Regular,Regular,0,0,,3,1,Quirino; Quirino Avenue; Q24952740,0,0,
Q117096,Magsaysay,PHL,PHI,1953,1957,Regular,Natural Death,0,0,,1,0,Ramon Magsaysay Award,0,0,
Q319939,Garcia,PHL,PHI,1957,1961,Regular,Regular,0,0,,2,1,President Carlos P. Garcia; President Carlos P. Garcia Ancestral Park,0,0,
Q312539,Macapagal,PHL,PHI,1961,1965,Regular,Regular,0,0,,1,0,Clark International Airport,0,0,
Q1463,Marcos,PHL,PHI,1965,1986,Regular,Irregular,0,0,,1,0,Marikina–Infanta Highway,0,0,
Q1480,Aquino,PHL,PHI,1986,1992,Irregular,Regular,0,0,,3,1,Corazon C. Aquino Hospital; Romblonella coryae; Agmasoma aquinoae,0,0,
Q212733,Estrada,PHL,PHI,1998,2001,Regular,Regular,0,0,,0,0,,0,0,
Q76127,Sukarno,IDN,INS,1945,1948,Regular,Foreign,0,0,,1,0,Soekarno–Hatta International Airport,0,0,
Q735519,Louis Beel,IDN,INS,1948,1949,Foreign Imposition,Foreign,0,0,,1,0,L.J.M. Beelstraat,0,0,
Q76127,Sukarno,IDN,INS,1949,1966,Regular,Irregular,0,0,,1,0,Soekarno–Hatta International Airport,0,0,
Q459146,Forde,AUS,AUL,1945,1945,Regular,Regular,0,0,,2,1,Forde; Forde,1,1,The Right Honourable
Q23379,Chifley,AUS,AUL,1945,1949,Regular,Regular,0,0,,0,0,,0,0,
Q214438,Menzies,AUS,AUL,1949,1966,Regular,Regular,0,0,,6,1,Menzies; Menzies Research Centre; Menzies Institute for Medical Research; Robert Menzies College; Menzies Foundation; R. G. Menzies House,1,1,Sir
Q312722,Holt,AUS,AUL,1966,1967,Regular,Natural Death,0,0,,6,1,Holt; Naval Communication Station Harold E. Holt; USS Harold E. Holt; Holt; holtite; Harold Holt Memorial Swimming Centre,0,0,
Q23386,McEwen,AUS,AUL,1967,1968,Regular,Regular,0,0,,0,0,,0,0,
Q356411,Gorton,AUS,AUL,1968,1971,Regular,Regular,0,0,,1,0,Gorton,0,0,
Q356261,McMahon,AUS,AUL,1971,1972,Regular,Regular,0,0,,1,0,McMahon,0,0,
Q23333,Whitlam,AUS,AUL,1972,1975,Regular,Regular,0,0,,5,1,The Whitlams; Whitlam Square; Whitlam; Whitlam; Whitlam Institute,0,0,
Q315979,Fraser,AUS,AUL,1975,1983,Regular,Regular,0,0,,2,1,Malcolm Fraser Bridge; Fraser,0,0,
Q269372,Hawke,AUS,AUL,1983,1991,Regular,Regular,0,0,,3,1,Acanthophis hawkei; Bob Hawke College; Hawke,1,1,Bob
Q51330,Howard,AUS,AUL,1996,2007,Regular,Regular,0,0,,0,0,,0,0,
Q316264,Somare,PNG,PNG,1975,1980,Regular,Regular,0,0,,0,0,,0,0,
Q316264,Somare,PNG,PNG,1982,1985,Regular,Regular,0,0,,0,0,,0,0,
Q316264,Somare,PNG,PNG,2002,2011,Regular,Retired Due to Ill Health,0,0,,0,0,,0,0,
Q1390488,Holland,NZL,NEW,1949,1957,Regular,Retired Due to Ill Health,0,0,,1,0,Holland Range,0,0,
Q637012,Holyoake,NZL,NEW,1957,1957,Regular,Regular,0,0,,2,1,Holyoake Range; Holyoake Seamount,0,0,
Q721770,Nash,NZL,NEW,1957,1960,Regular,Regular,0,0,,2,1,Nash Peak; Nash Range,0,0,
Q637012,Holyoake,NZL,NEW,1960,1972,Regular,Regular,0,0,,2,1,Holyoake Range; Holyoake Seamount,0,0,
Q284733,Marshall,NZL,NEW,1972,1972,Regular,Regular,0,0,,0,0,,1,1,Jack
Q1237120,Kirk,NZL,NEW,1972,1974,Regular,Natural Death,0,0,,0,0,,0,0,
Q862430,Rowling,NZL,NEW,1974,1975,Regular,Regular,0,0,,0,0,,0,0,
Q737739,Muldoon,NZL,NEW,1975,1984,Regular,Regular,0,0,,1,0,Muldoon Seamount,0,0,
Q367589,Lange,NZL,NEW,1984,1989,Regular,Regular,0,0,,0,0,,1,1,The Right Honourable
Q139785,Bolger,NZL,NEW,1990,1997,Regular,Regular,0,0,,0,0,,1,1,The Right Honourable
Q180383,Helen Clark,NZL,NEW,1999,2008,Regular,Regular,0,0,,1,0,The Helen Clark Foundation,1,1,The Right Honourable
Q469507,Mara,FJI,FJI,1970,1987,Regular,Regular,0,0,,0,0,,0,0,
Q981549,Rabuka,FJI,FJI,1987,1987,Irregular,Regular,0,0,,0,0,,0,0,
Q469507,Mara,FJI,FJI,1987,1992,Regular,Regular,0,0,,0,0,,0,0,
Q981549,Rabuka,FJI,FJI,1992,1999,Regular,Regular,0,0,,0,0,,0,0,
Q57830,Bainimarama,FJI,FJI,2000,2000,Irregular,Irregular,0,0,,0,0,,0,0,
